customer_id,age,city,income_band,card_type,join_date,life_stage,opted_out,created_at
1,56,Delhi,HIGH,Premium,2021-11-20,Family,0,2021-11-30 13:14:47
2,38,Hyderabad,LOW,Standard,2024-02-26,Family,0,2024-03-07 13:14:47
3,28,Chennai,HIGH,Premium,2022-05-10,Young Professional,0,2022-05-20 13:14:47
4,20,Delhi,LOW,Standard,2023-04-29,Student,0,2023-05-09 13:14:47
5,47,Pune,LOW,Standard,2022-02-07,Family,0,2022-02-17 13:14:47
6,50,Mumbai,MEDIUM,Standard,2025-05-16,Family,1,2025-05-26 13:14:47
7,42,Chennai,LOW,Standard,2022-06-20,Family,0,2022-06-30 13:14:47
8,45,Mumbai,PREMIUM,Elite,2024-11-29,Family,0,2024-12-09 13:14:47
9,68,Pune,MEDIUM,Standard,2021-12-17,Senior,0,2021-12-27 13:14:47
10,20,Ahmedabad,HIGH,Elite,2023-08-30,Student,0,2023-09-09 13:14:47
11,56,Mumbai,LOW,Standard,2023-10-15,Family,0,2023-10-25 13:14:47
12,67,Pune,MEDIUM,Premium,2021-09-06,Senior,0,2021-09-16 13:14:47
13,37,Hyderabad,LOW,Standard,2022-10-25,Family,0,2022-11-04 13:14:47
14,25,Chennai,LOW,Standard,2024-11-13,Young Professional,0,2024-11-23 13:14:47
15,67,Delhi,MEDIUM,Standard,2022-08-16,Senior,0,2022-08-26 13:14:47
16,71,Pune,MEDIUM,Standard,2023-07-05,Senior,0,2023-07-15 13:14:47
17,61,Kolkata,PREMIUM,Elite,2022-09-15,Senior,0,2022-09-25 13:14:47
18,65,Hyderabad,MEDIUM,Standard,2021-12-09,Senior,0,2021-12-19 13:14:47
19,57,Ahmedabad,HIGH,Premium,2024-07-04,Family,0,2024-07-14 13:14:47
20,41,Pune,MEDIUM,Standard,2023-05-05,Family,0,2023-05-15 13:14:47
21,62,Hyderabad,LOW,Standard,2025-05-23,Senior,0,2025-06-02 13:14:47
22,42,Chennai,PREMIUM,Elite,2021-09-08,Family,0,2021-09-18 13:14:47
23,25,Mumbai,LOW,Standard,2022-04-01,Young Professional,0,2022-04-11 13:14:47
24,25,Hyderabad,HIGH,Premium,2024-08-22,Young Professional,0,2024-09-01 13:14:47
25,59,Chennai,MEDIUM,Standard,2025-04-27,Family,0,2025-05-07 13:14:47
26,26,Pune,MEDIUM,Premium,2022-11-20,Young Professional,0,2022-11-30 13:14:47
27,72,Ahmedabad,MEDIUM,Premium,2023-03-25,Senior,0,2023-04-04 13:14:47
28,57,Bangalore,LOW,Standard,2022-10-20,Family,0,2022-10-30 13:14:47
29,64,Kolkata,HIGH,Premium,2022-08-13,Senior,0,2022-08-23 13:14:47
30,31,Hyderabad,MEDIUM,Standard,2024-05-10,Young Professional,0,2024-05-20 13:14:47
31,43,Bangalore,LOW,Standard,2023-01-25,Family,0,2023-02-04 13:14:47
32,69,Bangalore,MEDIUM,Premium,2024-02-08,Senior,0,2024-02-18 13:14:47
33,62,Pune,MEDIUM,Premium,2023-12-14,Senior,0,2023-12-24 13:14:47
34,49,Chennai,MEDIUM,Premium,2021-12-18,Family,0,2021-12-28 13:14:47
35,19,Mumbai,MEDIUM,Standard,2022-08-29,Student,0,2022-09-08 13:14:47
36,45,Mumbai,LOW,Standard,2021-09-12,Family,0,2021-09-22 13:14:47
37,28,Pune,MEDIUM,Premium,2021-09-04,Young Professional,0,2021-09-14 13:14:47
38,50,Delhi,LOW,Standard,2021-11-08,Family,0,2021-11-18 13:14:47
39,69,Kolkata,MEDIUM,Standard,2021-12-02,Senior,1,2021-12-12 13:14:47
40,25,Ahmedabad,MEDIUM,Premium,2024-07-24,Young Professional,0,2024-08-03 13:14:47
41,68,Ahmedabad,LOW,Standard,2023-08-13,Senior,0,2023-08-23 13:14:47
42,71,Hyderabad,LOW,Standard,2021-12-28,Senior,0,2022-01-07 13:14:47
43,66,Chennai,LOW,Standard,2021-11-23,Senior,0,2021-12-03 13:14:47
44,19,Pune,HIGH,Elite,2022-10-29,Student,0,2022-11-08 13:14:47
45,66,Kolkata,PREMIUM,Elite,2024-10-30,Senior,0,2024-11-09 13:14:47
46,54,Bangalore,MEDIUM,Premium,2024-05-18,Family,0,2024-05-28 13:14:47
47,19,Delhi,MEDIUM,Standard,2023-06-08,Student,0,2023-06-18 13:14:47
48,49,Delhi,MEDIUM,Standard,2024-11-16,Family,0,2024-11-26 13:14:47
49,34,Bangalore,HIGH,Elite,2024-08-31,Young Professional,0,2024-09-10 13:14:47
50,51,Delhi,MEDIUM,Premium,2023-05-17,Family,0,2023-05-27 13:14:47
51,26,Pune,MEDIUM,Premium,2021-09-26,Young Professional,0,2021-10-06 13:14:47
52,20,Hyderabad,MEDIUM,Standard,2022-10-26,Student,0,2022-11-05 13:14:47
53,43,Delhi,MEDIUM,Premium,2025-01-11,Family,0,2025-01-21 13:14:47
54,24,Kolkata,LOW,Standard,2022-11-21,Young Professional,0,2022-12-01 13:14:47
55,56,Hyderabad,PREMIUM,Elite,2023-09-05,Family,0,2023-09-15 13:14:47
56,74,Bangalore,LOW,Standard,2025-01-07,Senior,0,2025-01-17 13:14:47
57,59,Mumbai,LOW,Standard,2025-01-14,Family,0,2025-01-24 13:14:47
58,74,Bangalore,MEDIUM,Standard,2023-01-08,Senior,0,2023-01-18 13:14:47
59,65,Hyderabad,PREMIUM,Elite,2024-03-11,Senior,0,2024-03-21 13:14:47
60,72,Bangalore,MEDIUM,Premium,2022-05-11,Senior,0,2022-05-21 13:14:47
61,33,Bangalore,HIGH,Premium,2025-01-06,Young Professional,0,2025-01-16 13:14:47
62,50,Kolkata,MEDIUM,Premium,2023-10-29,Family,0,2023-11-08 13:14:47
63,53,Mumbai,HIGH,Premium,2024-09-26,Family,1,2024-10-06 13:14:47
64,42,Kolkata,MEDIUM,Premium,2022-12-06,Family,0,2022-12-16 13:14:47
65,35,Chennai,MEDIUM,Standard,2022-03-08,Family,0,2022-03-18 13:14:47
66,58,Chennai,LOW,Standard,2023-03-29,Family,0,2023-04-08 13:14:47
67,65,Delhi,HIGH,Elite,2021-07-22,Senior,0,2021-08-01 13:14:47
68,34,Delhi,MEDIUM,Standard,2023-07-20,Young Professional,0,2023-07-30 13:14:47
69,68,Bangalore,MEDIUM,Premium,2022-07-27,Senior,0,2022-08-06 13:14:47
70,55,Bangalore,PREMIUM,Elite,2023-11-22,Family,0,2023-12-02 13:14:47
71,44,Pune,MEDIUM,Standard,2021-11-14,Family,0,2021-11-24 13:14:47
72,45,Chennai,MEDIUM,Premium,2024-03-11,Family,0,2024-03-21 13:14:47
73,65,Pune,LOW,Standard,2023-12-08,Senior,0,2023-12-18 13:14:47
74,34,Ahmedabad,PREMIUM,Elite,2024-12-31,Young Professional,0,2025-01-10 13:14:47
75,70,Delhi,HIGH,Premium,2022-07-12,Senior,0,2022-07-22 13:14:47
76,66,Chennai,MEDIUM,Standard,2023-10-09,Senior,0,2023-10-19 13:14:47
77,50,Kolkata,LOW,Standard,2024-09-27,Family,0,2024-10-07 13:14:47
78,40,Chennai,LOW,Standard,2021-09-29,Family,0,2021-10-09 13:14:47
79,42,Mumbai,MEDIUM,Standard,2023-11-19,Family,0,2023-11-29 13:14:47
80,57,Mumbai,LOW,Standard,2023-09-20,Family,0,2023-09-30 13:14:47
81,39,Delhi,MEDIUM,Standard,2025-01-03,Family,0,2025-01-13 13:14:47
82,43,Kolkata,HIGH,Premium,2021-07-21,Family,0,2021-07-31 13:14:47
83,65,Chennai,MEDIUM,Premium,2023-05-10,Senior,0,2023-05-20 13:14:47
84,67,Ahmedabad,HIGH,Premium,2023-12-30,Senior,0,2024-01-09 13:14:47
85,24,Bangalore,MEDIUM,Premium,2023-07-23,Young Professional,0,2023-08-02 13:14:47
86,25,Chennai,HIGH,Elite,2024-05-03,Young Professional,0,2024-05-13 13:14:47
87,68,Pune,MEDIUM,Standard,2022-05-18,Senior,0,2022-05-28 13:14:47
88,49,Delhi,MEDIUM,Standard,2023-02-04,Family,0,2023-02-14 13:14:47
89,75,Pune,MEDIUM,Premium,2022-04-15,Senior,0,2022-04-25 13:14:47
90,75,Pune,LOW,Standard,2023-07-26,Senior,0,2023-08-05 13:14:47
91,71,Ahmedabad,MEDIUM,Standard,2023-10-03,Senior,0,2023-10-13 13:14:47
92,70,Delhi,LOW,Standard,2025-06-02,Senior,0,2025-06-12 13:14:47
93,23,Pune,LOW,Standard,2023-01-05,Student,0,2023-01-15 13:14:47
94,52,Delhi,MEDIUM,Standard,2023-08-21,Family,0,2023-08-31 13:14:47
95,59,Chennai,MEDIUM,Standard,2023-08-20,Family,0,2023-08-30 13:14:47
96,36,Ahmedabad,MEDIUM,Standard,2021-09-06,Family,0,2021-09-16 13:14:47
97,70,Pune,LOW,Standard,2022-04-13,Senior,0,2022-04-23 13:14:47
98,70,Hyderabad,LOW,Standard,2023-09-12,Senior,0,2023-09-22 13:14:47
99,51,Chennai,LOW,Standard,2022-04-22,Family,0,2022-05-02 13:14:47
100,57,Ahmedabad,PREMIUM,Elite,2022-12-23,Family,0,2023-01-02 13:14:47
101,56,Mumbai,MEDIUM,Standard,2023-11-04,Family,0,2023-11-14 13:14:47
102,72,Delhi,LOW,Standard,2025-01-04,Senior,0,2025-01-14 13:14:47
103,54,Bangalore,LOW,Standard,2021-11-06,Family,0,2021-11-16 13:14:47
104,22,Ahmedabad,LOW,Standard,2025-03-05,Student,0,2025-03-15 13:14:47
105,69,Chennai,LOW,Standard,2022-12-08,Senior,0,2022-12-18 13:14:47
106,65,Mumbai,HIGH,Premium,2021-11-02,Senior,0,2021-11-12 13:14:47
107,54,Pune,MEDIUM,Standard,2024-01-02,Family,0,2024-01-12 13:14:47
108,53,Pune,LOW,Standard,2022-01-07,Family,1,2022-01-17 13:14:47
109,36,Ahmedabad,MEDIUM,Premium,2023-04-30,Family,0,2023-05-10 13:14:47
110,62,Pune,LOW,Standard,2023-04-07,Senior,0,2023-04-17 13:14:47
111,19,Bangalore,LOW,Standard,2022-12-24,Student,0,2023-01-03 13:14:47
112,37,Hyderabad,MEDIUM,Standard,2023-07-18,Family,0,2023-07-28 13:14:47
113,50,Mumbai,MEDIUM,Standard,2023-07-17,Family,0,2023-07-27 13:14:47
114,29,Kolkata,MEDIUM,Standard,2021-06-27,Young Professional,0,2021-07-07 13:14:47
115,60,Mumbai,LOW,Standard,2024-05-06,Senior,0,2024-05-16 13:14:47
116,63,Bangalore,LOW,Standard,2024-01-25,Senior,0,2024-02-04 13:14:47
117,40,Delhi,LOW,Standard,2023-04-23,Family,0,2023-05-03 13:14:47
118,27,Delhi,LOW,Standard,2024-04-15,Young Professional,0,2024-04-25 13:14:47
119,24,Chennai,LOW,Standard,2022-06-04,Young Professional,0,2022-06-14 13:14:47
120,53,Delhi,MEDIUM,Standard,2022-08-21,Family,0,2022-08-31 13:14:47
121,27,Mumbai,MEDIUM,Standard,2022-11-30,Young Professional,0,2022-12-10 13:14:47
122,66,Pune,HIGH,Elite,2022-10-03,Senior,0,2022-10-13 13:14:47
123,49,Hyderabad,MEDIUM,Standard,2022-02-09,Family,0,2022-02-19 13:14:47
124,29,Kolkata,MEDIUM,Standard,2024-09-01,Young Professional,0,2024-09-11 13:14:47
125,58,Hyderabad,MEDIUM,Premium,2025-04-06,Family,0,2025-04-16 13:14:47
126,42,Bangalore,MEDIUM,Premium,2023-07-09,Family,0,2023-07-19 13:14:47
127,53,Ahmedabad,LOW,Standard,2021-12-28,Family,0,2022-01-07 13:14:47
128,26,Delhi,MEDIUM,Standard,2023-06-20,Young Professional,0,2023-06-30 13:14:47
129,69,Ahmedabad,MEDIUM,Standard,2021-08-16,Senior,0,2021-08-26 13:14:47
130,22,Delhi,LOW,Standard,2022-07-24,Student,0,2022-08-03 13:14:47
131,38,Hyderabad,HIGH,Premium,2022-03-20,Family,0,2022-03-30 13:14:47
132,56,Kolkata,LOW,Standard,2022-07-07,Family,0,2022-07-17 13:14:47
133,31,Chennai,MEDIUM,Premium,2022-04-07,Young Professional,0,2022-04-17 13:14:47
134,46,Hyderabad,MEDIUM,Standard,2023-08-19,Family,0,2023-08-29 13:14:47
135,26,Ahmedabad,HIGH,Elite,2024-02-01,Young Professional,0,2024-02-11 13:14:47
136,55,Mumbai,LOW,Standard,2022-03-03,Family,0,2022-03-13 13:14:47
137,67,Delhi,HIGH,Premium,2022-02-05,Senior,0,2022-02-15 13:14:47
138,54,Hyderabad,LOW,Standard,2021-08-18,Family,0,2021-08-28 13:14:47
139,69,Delhi,LOW,Standard,2021-09-25,Senior,0,2021-10-05 13:14:47
140,21,Hyderabad,MEDIUM,Premium,2021-12-09,Student,0,2021-12-19 13:14:47
141,61,Chennai,MEDIUM,Premium,2025-03-08,Senior,0,2025-03-18 13:14:47
142,36,Chennai,LOW,Standard,2024-12-16,Family,1,2024-12-26 13:14:47
143,45,Ahmedabad,MEDIUM,Premium,2024-02-17,Family,0,2024-02-27 13:14:47
144,58,Mumbai,HIGH,Premium,2024-05-16,Family,0,2024-05-26 13:14:47
145,74,Pune,MEDIUM,Premium,2021-08-14,Senior,0,2021-08-24 13:14:47
146,50,Mumbai,LOW,Standard,2025-01-24,Family,0,2025-02-03 13:14:47
147,62,Kolkata,PREMIUM,Elite,2023-03-15,Senior,0,2023-03-25 13:14:47
148,71,Hyderabad,PREMIUM,Elite,2023-05-05,Senior,0,2023-05-15 13:14:47
149,52,Ahmedabad,MEDIUM,Premium,2021-07-12,Family,0,2021-07-22 13:14:47
150,66,Mumbai,MEDIUM,Standard,2021-06-29,Senior,0,2021-07-09 13:14:47
151,71,Delhi,MEDIUM,Standard,2023-08-21,Senior,0,2023-08-31 13:14:47
152,28,Mumbai,LOW,Standard,2023-06-02,Young Professional,0,2023-06-12 13:14:47
153,55,Bangalore,MEDIUM,Premium,2023-08-09,Family,0,2023-08-19 13:14:47
154,75,Bangalore,LOW,Standard,2025-03-09,Senior,0,2025-03-19 13:14:47
155,67,Hyderabad,LOW,Standard,2023-01-20,Senior,0,2023-01-30 13:14:47
156,44,Mumbai,MEDIUM,Premium,2022-03-26,Family,0,2022-04-05 13:14:47
157,70,Chennai,HIGH,Premium,2023-06-06,Senior,0,2023-06-16 13:14:47
158,30,Delhi,PREMIUM,Elite,2021-12-08,Young Professional,0,2021-12-18 13:14:47
159,68,Pune,HIGH,Premium,2024-03-14,Senior,0,2024-03-24 13:14:47
160,47,Chennai,HIGH,Premium,2023-01-12,Family,0,2023-01-22 13:14:47
161,73,Bangalore,MEDIUM,Premium,2022-06-14,Senior,0,2022-06-24 13:14:47
162,64,Mumbai,LOW,Standard,2023-02-05,Senior,0,2023-02-15 13:14:47
163,42,Kolkata,PREMIUM,Elite,2023-04-04,Family,0,2023-04-14 13:14:47
164,50,Chennai,MEDIUM,Premium,2022-05-11,Family,0,2022-05-21 13:14:47
165,38,Bangalore,LOW,Standard,2024-01-06,Family,0,2024-01-16 13:14:47
166,22,Pune,PREMIUM,Elite,2023-04-28,Student,0,2023-05-08 13:14:47
167,54,Ahmedabad,HIGH,Premium,2023-06-24,Family,0,2023-07-04 13:14:47
168,34,Chennai,LOW,Standard,2024-03-07,Young Professional,0,2024-03-17 13:14:47
169,68,Kolkata,LOW,Standard,2024-03-15,Senior,0,2024-03-25 13:14:47
170,49,Chennai,LOW,Standard,2025-03-04,Family,0,2025-03-14 13:14:47
171,43,Mumbai,MEDIUM,Standard,2024-03-26,Family,0,2024-04-05 13:14:47
172,67,Pune,HIGH,Elite,2022-06-25,Senior,0,2022-07-05 13:14:47
173,47,Hyderabad,HIGH,Premium,2024-05-02,Family,0,2024-05-12 13:14:47
174,64,Hyderabad,MEDIUM,Premium,2022-01-01,Senior,0,2022-01-11 13:14:47
175,19,Pune,HIGH,Elite,2025-02-24,Student,0,2025-03-06 13:14:47
176,51,Mumbai,MEDIUM,Standard,2025-03-01,Family,0,2025-03-11 13:14:47
177,32,Hyderabad,MEDIUM,Standard,2024-03-17,Young Professional,0,2024-03-27 13:14:47
178,74,Hyderabad,MEDIUM,Standard,2022-09-27,Senior,0,2022-10-07 13:14:47
179,47,Delhi,MEDIUM,Premium,2025-03-18,Family,0,2025-03-28 13:14:47
180,21,Kolkata,MEDIUM,Premium,2021-07-13,Student,0,2021-07-23 13:14:47
181,37,Pune,MEDIUM,Standard,2023-12-09,Family,0,2023-12-19 13:14:47
182,19,Pune,MEDIUM,Standard,2025-04-25,Student,0,2025-05-05 13:14:47
183,68,Hyderabad,MEDIUM,Standard,2022-02-16,Senior,0,2022-02-26 13:14:47
184,28,Pune,LOW,Standard,2022-12-20,Young Professional,0,2022-12-30 13:14:47
185,73,Chennai,MEDIUM,Premium,2022-02-04,Senior,0,2022-02-14 13:14:47
186,49,Pune,LOW,Standard,2023-09-12,Family,0,2023-09-22 13:14:47
187,38,Kolkata,LOW,Standard,2023-10-12,Family,0,2023-10-22 13:14:47
188,39,Delhi,LOW,Standard,2023-09-01,Family,0,2023-09-11 13:14:47
189,43,Hyderabad,HIGH,Elite,2022-06-01,Family,0,2022-06-11 13:14:47
190,44,Kolkata,LOW,Standard,2024-10-01,Family,0,2024-10-11 13:14:47
191,39,Hyderabad,LOW,Standard,2024-06-22,Family,0,2024-07-02 13:14:47
192,65,Chennai,LOW,Standard,2022-07-23,Senior,0,2022-08-02 13:14:47
193,25,Pune,HIGH,Premium,2021-12-08,Young Professional,0,2021-12-18 13:14:47
194,64,Hyderabad,MEDIUM,Premium,2023-06-12,Senior,0,2023-06-22 13:14:47
195,45,Mumbai,MEDIUM,Premium,2022-01-14,Family,0,2022-01-24 13:14:47
196,43,Hyderabad,LOW,Standard,2021-10-10,Family,0,2021-10-20 13:14:47
197,20,Pune,HIGH,Elite,2023-05-19,Student,0,2023-05-29 13:14:47
198,62,Ahmedabad,HIGH,Elite,2023-03-24,Senior,0,2023-04-03 13:14:47
199,32,Ahmedabad,LOW,Standard,2024-02-08,Young Professional,0,2024-02-18 13:14:47
200,56,Ahmedabad,MEDIUM,Standard,2021-12-30,Family,0,2022-01-09 13:14:47
201,61,Delhi,LOW,Standard,2022-01-18,Senior,0,2022-01-28 13:14:47
202,27,Kolkata,HIGH,Premium,2025-02-18,Young Professional,0,2025-02-28 13:14:47
203,53,Chennai,MEDIUM,Premium,2025-05-04,Family,0,2025-05-14 13:14:47
204,57,Chennai,MEDIUM,Standard,2023-10-21,Family,0,2023-10-31 13:14:47
205,54,Bangalore,MEDIUM,Standard,2021-11-09,Family,0,2021-11-19 13:14:47
206,73,Mumbai,MEDIUM,Standard,2021-08-06,Senior,0,2021-08-16 13:14:47
207,39,Ahmedabad,LOW,Standard,2023-09-22,Family,0,2023-10-02 13:14:47
208,28,Ahmedabad,LOW,Standard,2024-06-22,Young Professional,0,2024-07-02 13:14:47
209,72,Chennai,HIGH,Elite,2022-12-21,Senior,0,2022-12-31 13:14:47
210,57,Ahmedabad,MEDIUM,Premium,2022-11-30,Family,0,2022-12-10 13:14:47
211,19,Chennai,MEDIUM,Standard,2025-03-24,Student,0,2025-04-03 13:14:47
212,23,Mumbai,PREMIUM,Elite,2024-01-20,Student,0,2024-01-30 13:14:47
213,74,Pune,HIGH,Premium,2023-06-23,Senior,0,2023-07-03 13:14:47
214,68,Bangalore,HIGH,Elite,2024-07-16,Senior,0,2024-07-26 13:14:47
215,21,Mumbai,MEDIUM,Standard,2024-10-25,Student,0,2024-11-04 13:14:47
216,29,Delhi,LOW,Standard,2025-03-09,Young Professional,0,2025-03-19 13:14:47
217,55,Bangalore,MEDIUM,Premium,2025-01-19,Family,0,2025-01-29 13:14:47
218,30,Kolkata,MEDIUM,Premium,2022-12-18,Young Professional,0,2022-12-28 13:14:47
219,27,Pune,MEDIUM,Premium,2024-12-17,Young Professional,0,2024-12-27 13:14:47
220,57,Bangalore,HIGH,Elite,2024-07-21,Family,0,2024-07-31 13:14:47
221,26,Ahmedabad,HIGH,Elite,2022-12-09,Young Professional,0,2022-12-19 13:14:47
222,72,Chennai,HIGH,Elite,2022-05-15,Senior,0,2022-05-25 13:14:47
223,61,Ahmedabad,MEDIUM,Standard,2024-05-27,Senior,0,2024-06-06 13:14:47
224,51,Hyderabad,LOW,Standard,2024-01-11,Family,0,2024-01-21 13:14:47
225,39,Delhi,LOW,Standard,2021-09-03,Family,0,2021-09-13 13:14:47
226,58,Chennai,HIGH,Elite,2023-04-01,Family,0,2023-04-11 13:14:47
227,54,Kolkata,HIGH,Elite,2021-08-04,Family,0,2021-08-14 13:14:47
228,21,Delhi,MEDIUM,Standard,2022-07-07,Student,0,2022-07-17 13:14:47
229,57,Bangalore,MEDIUM,Standard,2023-09-30,Family,0,2023-10-10 13:14:47
230,68,Pune,MEDIUM,Standard,2022-07-26,Senior,0,2022-08-05 13:14:47
231,50,Chennai,LOW,Standard,2022-01-05,Family,0,2022-01-15 13:14:47
232,19,Pune,MEDIUM,Premium,2025-02-23,Student,0,2025-03-05 13:14:47
233,68,Kolkata,MEDIUM,Premium,2023-11-06,Senior,0,2023-11-16 13:14:47
234,25,Pune,MEDIUM,Standard,2022-08-03,Young Professional,0,2022-08-13 13:14:47
235,50,Chennai,MEDIUM,Premium,2021-12-30,Family,0,2022-01-09 13:14:47
236,46,Pune,LOW,Standard,2022-05-13,Family,0,2022-05-23 13:14:47
237,44,Pune,HIGH,Elite,2021-12-07,Family,0,2021-12-17 13:14:47
238,19,Mumbai,HIGH,Elite,2023-01-24,Student,0,2023-02-03 13:14:47
239,30,Hyderabad,LOW,Standard,2024-10-22,Young Professional,0,2024-11-01 13:14:47
240,69,Pune,MEDIUM,Standard,2022-03-14,Senior,0,2022-03-24 13:14:47
241,46,Ahmedabad,LOW,Standard,2023-02-14,Family,0,2023-02-24 13:14:47
242,44,Hyderabad,MEDIUM,Premium,2023-05-14,Family,0,2023-05-24 13:14:47
243,43,Ahmedabad,LOW,Standard,2025-03-30,Family,0,2025-04-09 13:14:47
244,27,Pune,MEDIUM,Premium,2022-04-06,Young Professional,0,2022-04-16 13:14:47
245,64,Pune,LOW,Standard,2024-06-09,Senior,0,2024-06-19 13:14:47
246,30,Ahmedabad,LOW,Standard,2022-01-20,Young Professional,0,2022-01-30 13:14:47
247,64,Mumbai,HIGH,Elite,2023-07-25,Senior,0,2023-08-04 13:14:47
248,53,Mumbai,PREMIUM,Elite,2022-04-07,Family,0,2022-04-17 13:14:47
249,25,Pune,MEDIUM,Standard,2022-09-02,Young Professional,0,2022-09-12 13:14:47
250,75,Ahmedabad,LOW,Standard,2025-04-17,Senior,0,2025-04-27 13:14:47
251,57,Mumbai,HIGH,Elite,2023-04-20,Family,0,2023-04-30 13:14:47
252,63,Pune,LOW,Standard,2021-09-06,Senior,0,2021-09-16 13:14:47
253,71,Chennai,HIGH,Elite,2022-08-17,Senior,0,2022-08-27 13:14:47
254,72,Kolkata,LOW,Standard,2023-08-16,Senior,0,2023-08-26 13:14:47
255,70,Pune,MEDIUM,Premium,2021-06-08,Senior,0,2021-06-18 13:14:47
256,43,Pune,MEDIUM,Premium,2023-11-10,Family,0,2023-11-20 13:14:47
257,43,Delhi,PREMIUM,Elite,2024-05-17,Family,0,2024-05-27 13:14:47
258,44,Mumbai,HIGH,Premium,2023-09-06,Family,0,2023-09-16 13:14:47
259,61,Kolkata,PREMIUM,Elite,2022-02-17,Senior,0,2022-02-27 13:14:47
260,24,Delhi,LOW,Standard,2022-03-10,Young Professional,0,2022-03-20 13:14:47
261,60,Mumbai,MEDIUM,Standard,2025-01-02,Senior,0,2025-01-12 13:14:47
262,66,Chennai,LOW,Standard,2022-05-26,Senior,0,2022-06-05 13:14:47
263,37,Bangalore,MEDIUM,Standard,2024-02-17,Family,0,2024-02-27 13:14:47
264,57,Bangalore,MEDIUM,Premium,2022-03-30,Family,0,2022-04-09 13:14:47
265,68,Delhi,LOW,Standard,2023-06-15,Senior,0,2023-06-25 13:14:47
266,47,Ahmedabad,LOW,Standard,2024-04-04,Family,0,2024-04-14 13:14:47
267,33,Kolkata,MEDIUM,Standard,2025-05-20,Young Professional,0,2025-05-30 13:14:47
268,68,Delhi,MEDIUM,Standard,2024-11-25,Senior,0,2024-12-05 13:14:47
269,66,Hyderabad,MEDIUM,Standard,2022-11-03,Senior,0,2022-11-13 13:14:47
270,18,Mumbai,MEDIUM,Premium,2025-04-13,Student,0,2025-04-23 13:14:47
271,49,Pune,LOW,Standard,2024-12-27,Family,0,2025-01-06 13:14:47
272,40,Chennai,PREMIUM,Elite,2022-02-21,Family,0,2022-03-03 13:14:47
273,25,Chennai,LOW,Standard,2023-05-10,Young Professional,0,2023-05-20 13:14:47
274,40,Hyderabad,MEDIUM,Standard,2024-07-14,Family,0,2024-07-24 13:14:47
275,64,Mumbai,MEDIUM,Premium,2022-06-28,Senior,0,2022-07-08 13:14:47
276,64,Pune,HIGH,Elite,2025-03-03,Senior,0,2025-03-13 13:14:47
277,49,Delhi,HIGH,Elite,2024-02-02,Family,0,2024-02-12 13:14:47
278,69,Mumbai,MEDIUM,Premium,2024-02-24,Senior,0,2024-03-05 13:14:47
279,72,Ahmedabad,HIGH,Premium,2025-05-31,Senior,0,2025-06-10 13:14:47
280,50,Pune,LOW,Standard,2025-01-11,Family,0,2025-01-21 13:14:47
281,36,Ahmedabad,MEDIUM,Standard,2023-07-08,Family,0,2023-07-18 13:14:47
282,18,Pune,HIGH,Premium,2023-05-23,Student,0,2023-06-02 13:14:47
283,20,Hyderabad,MEDIUM,Premium,2024-05-07,Student,0,2024-05-17 13:14:47
284,54,Ahmedabad,MEDIUM,Premium,2022-12-15,Family,0,2022-12-25 13:14:47
285,61,Hyderabad,LOW,Standard,2023-02-04,Senior,0,2023-02-14 13:14:47
286,34,Chennai,HIGH,Premium,2023-09-14,Young Professional,0,2023-09-24 13:14:47
287,40,Hyderabad,HIGH,Elite,2023-06-17,Family,0,2023-06-27 13:14:47
288,34,Chennai,LOW,Standard,2023-12-03,Young Professional,0,2023-12-13 13:14:47
289,42,Pune,LOW,Standard,2021-11-13,Family,0,2021-11-23 13:14:47
290,21,Mumbai,LOW,Standard,2025-05-09,Student,0,2025-05-19 13:14:47
291,40,Kolkata,MEDIUM,Standard,2023-02-20,Family,0,2023-03-02 13:14:47
292,38,Ahmedabad,HIGH,Premium,2025-04-27,Family,0,2025-05-07 13:14:47
293,34,Kolkata,MEDIUM,Premium,2022-09-13,Young Professional,0,2022-09-23 13:14:47
294,40,Kolkata,LOW,Standard,2024-06-30,Family,0,2024-07-10 13:14:47
295,74,Hyderabad,LOW,Standard,2023-06-07,Senior,0,2023-06-17 13:14:47
296,29,Chennai,MEDIUM,Standard,2023-03-09,Young Professional,0,2023-03-19 13:14:47
297,62,Chennai,HIGH,Elite,2022-09-30,Senior,0,2022-10-10 13:14:47
298,75,Ahmedabad,MEDIUM,Standard,2025-01-28,Senior,0,2025-02-07 13:14:47
299,60,Ahmedabad,LOW,Standard,2023-07-15,Senior,0,2023-07-25 13:14:47
300,43,Ahmedabad,LOW,Standard,2021-10-26,Family,0,2021-11-05 13:14:47
301,53,Delhi,HIGH,Elite,2023-03-23,Family,0,2023-04-02 13:14:47
302,71,Chennai,MEDIUM,Premium,2023-09-23,Senior,0,2023-10-03 13:14:47
303,39,Chennai,HIGH,Elite,2021-11-02,Family,0,2021-11-12 13:14:47
304,64,Kolkata,LOW,Standard,2021-12-17,Senior,0,2021-12-27 13:14:47
305,62,Kolkata,LOW,Standard,2024-11-18,Senior,0,2024-11-28 13:14:47
306,70,Kolkata,MEDIUM,Premium,2024-08-15,Senior,0,2024-08-25 13:14:47
307,42,Ahmedabad,HIGH,Elite,2025-04-26,Family,0,2025-05-06 13:14:47
308,52,Hyderabad,HIGH,Elite,2022-01-01,Family,1,2022-01-11 13:14:47
309,68,Chennai,LOW,Standard,2023-01-23,Senior,0,2023-02-02 13:14:47
310,54,Chennai,LOW,Standard,2023-03-13,Family,0,2023-03-23 13:14:47
311,27,Delhi,MEDIUM,Standard,2025-05-26,Young Professional,0,2025-06-05 13:14:47
312,41,Chennai,HIGH,Premium,2023-08-16,Family,0,2023-08-26 13:14:47
313,54,Ahmedabad,MEDIUM,Premium,2023-06-28,Family,0,2023-07-08 13:14:47
314,35,Hyderabad,MEDIUM,Standard,2024-02-04,Family,0,2024-02-14 13:14:47
315,64,Chennai,LOW,Standard,2022-08-02,Senior,0,2022-08-12 13:14:47
316,40,Chennai,MEDIUM,Premium,2022-05-24,Family,0,2022-06-03 13:14:47
317,31,Bangalore,LOW,Standard,2025-01-21,Young Professional,0,2025-01-31 13:14:47
318,25,Mumbai,PREMIUM,Elite,2023-06-11,Young Professional,0,2023-06-21 13:14:47
319,48,Hyderabad,HIGH,Premium,2022-11-15,Family,0,2022-11-25 13:14:47
320,59,Mumbai,MEDIUM,Premium,2022-03-12,Family,0,2022-03-22 13:14:47
321,61,Bangalore,LOW,Standard,2022-05-12,Senior,0,2022-05-22 13:14:47
322,60,Delhi,MEDIUM,Standard,2024-12-06,Senior,0,2024-12-16 13:14:47
323,56,Hyderabad,MEDIUM,Premium,2024-01-27,Family,0,2024-02-06 13:14:47
324,39,Ahmedabad,MEDIUM,Premium,2023-06-16,Family,0,2023-06-26 13:14:47
325,62,Kolkata,MEDIUM,Standard,2022-12-26,Senior,0,2023-01-05 13:14:47
326,52,Mumbai,HIGH,Elite,2024-04-19,Family,1,2024-04-29 13:14:47
327,30,Ahmedabad,MEDIUM,Standard,2021-06-28,Young Professional,0,2021-07-08 13:14:47
328,56,Delhi,LOW,Standard,2025-05-09,Family,0,2025-05-19 13:14:47
329,46,Ahmedabad,LOW,Standard,2023-05-21,Family,0,2023-05-31 13:14:47
330,73,Mumbai,LOW,Standard,2024-05-26,Senior,0,2024-06-05 13:14:47
331,42,Bangalore,MEDIUM,Premium,2024-07-02,Family,0,2024-07-12 13:14:47
332,47,Delhi,LOW,Standard,2021-06-15,Family,0,2021-06-25 13:14:47
333,47,Delhi,HIGH,Elite,2025-01-12,Family,0,2025-01-22 13:14:47
334,42,Chennai,LOW,Standard,2022-11-01,Family,0,2022-11-11 13:14:47
335,26,Ahmedabad,LOW,Standard,2021-09-08,Young Professional,0,2021-09-18 13:14:47
336,75,Hyderabad,HIGH,Elite,2022-11-11,Senior,0,2022-11-21 13:14:47
337,56,Hyderabad,HIGH,Premium,2021-10-20,Family,0,2021-10-30 13:14:47
338,30,Delhi,PREMIUM,Elite,2023-11-21,Young Professional,0,2023-12-01 13:14:47
339,25,Chennai,PREMIUM,Elite,2021-10-12,Young Professional,0,2021-10-22 13:14:47
340,62,Delhi,LOW,Standard,2022-05-03,Senior,0,2022-05-13 13:14:47
341,43,Chennai,LOW,Standard,2024-01-18,Family,0,2024-01-28 13:14:47
342,23,Delhi,HIGH,Premium,2025-04-14,Student,0,2025-04-24 13:14:47
343,66,Mumbai,MEDIUM,Premium,2022-07-29,Senior,0,2022-08-08 13:14:47
344,59,Ahmedabad,MEDIUM,Premium,2023-02-08,Family,0,2023-02-18 13:14:47
345,41,Hyderabad,HIGH,Premium,2023-04-18,Family,0,2023-04-28 13:14:47
346,64,Chennai,LOW,Standard,2023-11-05,Senior,0,2023-11-15 13:14:47
347,51,Hyderabad,MEDIUM,Premium,2022-10-29,Family,0,2022-11-08 13:14:47
348,45,Delhi,MEDIUM,Standard,2022-02-04,Family,0,2022-02-14 13:14:47
349,29,Hyderabad,LOW,Standard,2025-04-28,Young Professional,0,2025-05-08 13:14:47
350,28,Pune,LOW,Standard,2022-09-27,Young Professional,0,2022-10-07 13:14:47
351,55,Chennai,LOW,Standard,2022-02-23,Family,0,2022-03-05 13:14:47
352,23,Hyderabad,PREMIUM,Elite,2022-10-08,Student,0,2022-10-18 13:14:47
353,30,Delhi,HIGH,Premium,2022-07-09,Young Professional,0,2022-07-19 13:14:47
354,46,Bangalore,PREMIUM,Elite,2021-09-29,Family,0,2021-10-09 13:14:47
355,51,Hyderabad,MEDIUM,Premium,2021-11-02,Family,0,2021-11-12 13:14:47
356,36,Delhi,HIGH,Elite,2025-03-07,Family,0,2025-03-17 13:14:47
357,65,Hyderabad,HIGH,Elite,2024-06-09,Senior,0,2024-06-19 13:14:47
358,70,Hyderabad,MEDIUM,Premium,2024-11-28,Senior,0,2024-12-08 13:14:47
359,24,Ahmedabad,HIGH,Premium,2023-11-28,Young Professional,0,2023-12-08 13:14:47
360,68,Mumbai,HIGH,Elite,2024-04-07,Senior,0,2024-04-17 13:14:47
361,60,Kolkata,LOW,Standard,2025-03-17,Senior,0,2025-03-27 13:14:47
362,31,Mumbai,HIGH,Premium,2024-08-16,Young Professional,0,2024-08-26 13:14:47
363,30,Chennai,MEDIUM,Standard,2022-04-27,Young Professional,0,2022-05-07 13:14:47
364,57,Hyderabad,LOW,Standard,2023-07-08,Family,1,2023-07-18 13:14:47
365,62,Bangalore,HIGH,Elite,2021-09-26,Senior,0,2021-10-06 13:14:47
366,24,Ahmedabad,MEDIUM,Premium,2022-01-06,Young Professional,0,2022-01-16 13:14:47
367,45,Bangalore,MEDIUM,Premium,2022-01-08,Family,0,2022-01-18 13:14:47
368,39,Ahmedabad,PREMIUM,Elite,2024-02-09,Family,0,2024-02-19 13:14:47
369,44,Ahmedabad,LOW,Standard,2023-12-31,Family,0,2024-01-10 13:14:47
370,27,Pune,MEDIUM,Premium,2025-05-16,Young Professional,0,2025-05-26 13:14:47
371,35,Kolkata,HIGH,Premium,2023-07-04,Family,0,2023-07-14 13:14:47
372,29,Bangalore,HIGH,Elite,2022-01-03,Young Professional,0,2022-01-13 13:14:47
373,29,Pune,LOW,Standard,2022-12-13,Young Professional,0,2022-12-23 13:14:47
374,64,Hyderabad,MEDIUM,Premium,2022-11-03,Senior,0,2022-11-13 13:14:47
375,40,Mumbai,MEDIUM,Premium,2021-06-14,Family,0,2021-06-24 13:14:47
376,21,Delhi,MEDIUM,Premium,2024-05-06,Student,0,2024-05-16 13:14:47
377,32,Hyderabad,HIGH,Elite,2025-01-01,Young Professional,0,2025-01-11 13:14:47
378,49,Delhi,LOW,Standard,2022-10-07,Family,0,2022-10-17 13:14:47
379,28,Mumbai,LOW,Standard,2023-02-09,Young Professional,0,2023-02-19 13:14:47
380,73,Pune,MEDIUM,Standard,2025-05-17,Senior,0,2025-05-27 13:14:47
381,54,Chennai,MEDIUM,Premium,2021-07-27,Family,0,2021-08-06 13:14:47
382,75,Ahmedabad,HIGH,Elite,2022-03-09,Senior,0,2022-03-19 13:14:47
383,66,Mumbai,MEDIUM,Standard,2021-11-20,Senior,0,2021-11-30 13:14:47
384,44,Hyderabad,PREMIUM,Elite,2024-04-03,Family,0,2024-04-13 13:14:47
385,46,Hyderabad,HIGH,Elite,2023-10-25,Family,0,2023-11-04 13:14:47
386,67,Ahmedabad,HIGH,Premium,2024-05-16,Senior,0,2024-05-26 13:14:47
387,61,Mumbai,LOW,Standard,2024-05-25,Senior,0,2024-06-04 13:14:47
388,63,Bangalore,MEDIUM,Premium,2023-06-04,Senior,0,2023-06-14 13:14:47
389,34,Mumbai,MEDIUM,Premium,2024-01-03,Young Professional,0,2024-01-13 13:14:47
390,74,Delhi,LOW,Standard,2023-06-12,Senior,0,2023-06-22 13:14:47
391,70,Delhi,MEDIUM,Premium,2023-11-01,Senior,0,2023-11-11 13:14:47
392,30,Delhi,LOW,Standard,2024-09-06,Young Professional,0,2024-09-16 13:14:47
393,35,Ahmedabad,MEDIUM,Premium,2023-10-09,Family,0,2023-10-19 13:14:47
394,28,Hyderabad,MEDIUM,Premium,2023-03-29,Young Professional,0,2023-04-08 13:14:47
395,58,Ahmedabad,LOW,Standard,2024-11-05,Family,0,2024-11-15 13:14:47
396,58,Chennai,LOW,Standard,2022-12-31,Family,0,2023-01-10 13:14:47
397,32,Bangalore,MEDIUM,Premium,2022-05-24,Young Professional,0,2022-06-03 13:14:47
398,50,Chennai,MEDIUM,Standard,2024-10-08,Family,0,2024-10-18 13:14:47
399,19,Delhi,MEDIUM,Premium,2023-10-27,Student,0,2023-11-06 13:14:47
400,39,Pune,MEDIUM,Premium,2022-03-05,Family,0,2022-03-15 13:14:47
401,63,Hyderabad,MEDIUM,Standard,2025-01-15,Senior,0,2025-01-25 13:14:47
402,72,Hyderabad,MEDIUM,Premium,2024-07-25,Senior,0,2024-08-04 13:14:47
403,23,Ahmedabad,MEDIUM,Standard,2022-06-06,Student,0,2022-06-16 13:14:47
404,49,Ahmedabad,LOW,Standard,2023-06-22,Family,0,2023-07-02 13:14:47
405,67,Kolkata,MEDIUM,Premium,2022-05-26,Senior,0,2022-06-05 13:14:47
406,24,Pune,MEDIUM,Premium,2024-11-11,Young Professional,0,2024-11-21 13:14:47
407,75,Kolkata,HIGH,Premium,2022-12-25,Senior,0,2023-01-04 13:14:47
408,58,Chennai,LOW,Standard,2025-05-24,Family,0,2025-06-03 13:14:47
409,71,Chennai,MEDIUM,Premium,2022-12-11,Senior,0,2022-12-21 13:14:47
410,68,Mumbai,LOW,Standard,2023-05-19,Senior,0,2023-05-29 13:14:47
411,25,Ahmedabad,HIGH,Elite,2024-08-02,Young Professional,0,2024-08-12 13:14:47
412,68,Pune,LOW,Standard,2022-12-06,Senior,0,2022-12-16 13:14:47
413,54,Ahmedabad,PREMIUM,Elite,2023-01-16,Family,0,2023-01-26 13:14:47
414,45,Bangalore,LOW,Standard,2025-05-03,Family,0,2025-05-13 13:14:47
415,71,Delhi,LOW,Standard,2024-06-19,Senior,0,2024-06-29 13:14:47
416,66,Delhi,HIGH,Elite,2024-12-30,Senior,0,2025-01-09 13:14:47
417,41,Mumbai,MEDIUM,Standard,2024-01-08,Family,0,2024-01-18 13:14:47
418,37,Pune,MEDIUM,Standard,2022-11-03,Family,0,2022-11-13 13:14:47
419,53,Delhi,LOW,Standard,2023-01-23,Family,0,2023-02-02 13:14:47
420,19,Hyderabad,MEDIUM,Premium,2022-11-18,Student,0,2022-11-28 13:14:47
421,59,Pune,PREMIUM,Elite,2024-12-03,Family,0,2024-12-13 13:14:47
422,29,Kolkata,MEDIUM,Premium,2023-12-25,Young Professional,0,2024-01-04 13:14:47
423,32,Kolkata,LOW,Standard,2023-04-05,Young Professional,0,2023-04-15 13:14:47
424,65,Mumbai,MEDIUM,Standard,2021-10-24,Senior,0,2021-11-03 13:14:47
425,31,Chennai,MEDIUM,Premium,2024-08-18,Young Professional,0,2024-08-28 13:14:47
426,62,Chennai,MEDIUM,Standard,2024-05-22,Senior,0,2024-06-01 13:14:47
427,73,Pune,MEDIUM,Standard,2022-05-26,Senior,0,2022-06-05 13:14:47
428,23,Delhi,MEDIUM,Premium,2025-05-10,Student,0,2025-05-20 13:14:47
429,54,Bangalore,LOW,Standard,2021-06-20,Family,0,2021-06-30 13:14:47
430,53,Mumbai,PREMIUM,Elite,2021-10-19,Family,0,2021-10-29 13:14:47
431,27,Kolkata,LOW,Standard,2024-09-10,Young Professional,0,2024-09-20 13:14:47
432,46,Hyderabad,MEDIUM,Premium,2023-01-27,Family,0,2023-02-06 13:14:47
433,22,Kolkata,LOW,Standard,2022-10-09,Student,0,2022-10-19 13:14:47
434,71,Bangalore,LOW,Standard,2022-04-19,Senior,0,2022-04-29 13:14:47
435,64,Pune,MEDIUM,Standard,2024-12-24,Senior,0,2025-01-03 13:14:47
436,73,Bangalore,HIGH,Premium,2025-01-02,Senior,0,2025-01-12 13:14:47
437,23,Delhi,LOW,Standard,2022-10-24,Student,0,2022-11-03 13:14:47
438,31,Chennai,LOW,Standard,2024-01-13,Young Professional,0,2024-01-23 13:14:47
439,43,Bangalore,LOW,Standard,2025-02-08,Family,0,2025-02-18 13:14:47
440,54,Ahmedabad,PREMIUM,Elite,2023-02-21,Family,0,2023-03-03 13:14:47
441,68,Ahmedabad,LOW,Standard,2024-02-03,Senior,0,2024-02-13 13:14:47
442,67,Mumbai,PREMIUM,Elite,2025-02-01,Senior,0,2025-02-11 13:14:47
443,67,Hyderabad,PREMIUM,Elite,2022-07-10,Senior,0,2022-07-20 13:14:47
444,64,Delhi,MEDIUM,Premium,2022-12-01,Senior,0,2022-12-11 13:14:47
445,37,Kolkata,LOW,Standard,2024-08-03,Family,0,2024-08-13 13:14:47
446,59,Pune,HIGH,Elite,2022-08-10,Family,0,2022-08-20 13:14:47
447,18,Ahmedabad,HIGH,Elite,2023-08-08,Student,0,2023-08-18 13:14:47
448,22,Chennai,PREMIUM,Elite,2022-02-24,Student,0,2022-03-06 13:14:47
449,72,Ahmedabad,PREMIUM,Elite,2024-04-06,Senior,0,2024-04-16 13:14:47
450,67,Chennai,LOW,Standard,2024-08-08,Senior,0,2024-08-18 13:14:47
451,29,Kolkata,LOW,Standard,2024-06-27,Young Professional,0,2024-07-07 13:14:47
452,50,Hyderabad,MEDIUM,Standard,2021-11-04,Family,0,2021-11-14 13:14:47
453,70,Pune,MEDIUM,Premium,2024-06-11,Senior,0,2024-06-21 13:14:47
454,45,Mumbai,LOW,Standard,2023-07-04,Family,0,2023-07-14 13:14:47
455,26,Ahmedabad,HIGH,Elite,2022-05-21,Young Professional,0,2022-05-31 13:14:47
456,26,Chennai,LOW,Standard,2022-03-12,Young Professional,0,2022-03-22 13:14:47
457,21,Chennai,MEDIUM,Standard,2022-05-08,Student,0,2022-05-18 13:14:47
458,55,Hyderabad,MEDIUM,Standard,2024-05-06,Family,0,2024-05-16 13:14:47
459,36,Delhi,HIGH,Premium,2021-09-08,Family,0,2021-09-18 13:14:47
460,24,Hyderabad,LOW,Standard,2022-06-14,Young Professional,0,2022-06-24 13:14:47
461,24,Mumbai,MEDIUM,Premium,2023-03-02,Young Professional,0,2023-03-12 13:14:47
462,50,Bangalore,LOW,Standard,2024-08-20,Family,0,2024-08-30 13:14:47
463,43,Hyderabad,MEDIUM,Premium,2022-10-13,Family,0,2022-10-23 13:14:47
464,27,Pune,HIGH,Premium,2022-08-15,Young Professional,0,2022-08-25 13:14:47
465,25,Chennai,MEDIUM,Standard,2024-03-10,Young Professional,0,2024-03-20 13:14:47
466,46,Kolkata,MEDIUM,Premium,2025-05-26,Family,0,2025-06-05 13:14:47
467,65,Bangalore,MEDIUM,Premium,2021-10-22,Senior,0,2021-11-01 13:14:47
468,60,Ahmedabad,HIGH,Elite,2021-09-26,Senior,0,2021-10-06 13:14:47
469,61,Kolkata,PREMIUM,Elite,2022-09-06,Senior,0,2022-09-16 13:14:47
470,60,Ahmedabad,LOW,Standard,2022-04-23,Senior,0,2022-05-03 13:14:47
471,42,Bangalore,MEDIUM,Standard,2025-04-17,Family,0,2025-04-27 13:14:47
472,38,Pune,MEDIUM,Premium,2023-04-12,Family,0,2023-04-22 13:14:47
473,21,Delhi,LOW,Standard,2024-01-30,Student,0,2024-02-09 13:14:47
474,64,Mumbai,MEDIUM,Premium,2022-03-27,Senior,0,2022-04-06 13:14:47
475,47,Delhi,HIGH,Elite,2023-10-27,Family,0,2023-11-06 13:14:47
476,42,Kolkata,MEDIUM,Premium,2021-11-28,Family,0,2021-12-08 13:14:47
477,27,Pune,HIGH,Elite,2024-12-30,Young Professional,0,2025-01-09 13:14:47
478,73,Delhi,HIGH,Premium,2024-03-19,Senior,0,2024-03-29 13:14:47
479,53,Ahmedabad,MEDIUM,Standard,2021-07-29,Family,0,2021-08-08 13:14:47
480,62,Kolkata,MEDIUM,Standard,2022-12-29,Senior,1,2023-01-08 13:14:47
481,39,Delhi,HIGH,Elite,2023-06-12,Family,0,2023-06-22 13:14:47
482,43,Hyderabad,LOW,Standard,2025-05-28,Family,0,2025-06-07 13:14:47
483,74,Delhi,HIGH,Premium,2023-11-01,Senior,0,2023-11-11 13:14:47
484,66,Mumbai,LOW,Standard,2021-10-29,Senior,0,2021-11-08 13:14:47
485,41,Hyderabad,HIGH,Elite,2022-06-19,Family,0,2022-06-29 13:14:47
486,42,Delhi,LOW,Standard,2022-09-18,Family,0,2022-09-28 13:14:47
487,22,Chennai,LOW,Standard,2024-02-10,Student,0,2024-02-20 13:14:47
488,50,Pune,LOW,Standard,2023-08-15,Family,0,2023-08-25 13:14:47
489,32,Kolkata,LOW,Standard,2022-03-11,Young Professional,0,2022-03-21 13:14:47
490,26,Bangalore,MEDIUM,Premium,2024-01-15,Young Professional,0,2024-01-25 13:14:47
491,42,Delhi,PREMIUM,Elite,2024-09-17,Family,0,2024-09-27 13:14:47
492,20,Pune,MEDIUM,Premium,2023-09-09,Student,0,2023-09-19 13:14:47
493,66,Mumbai,LOW,Standard,2021-11-11,Senior,0,2021-11-21 13:14:47
494,36,Chennai,MEDIUM,Premium,2022-05-08,Family,0,2022-05-18 13:14:47
495,56,Ahmedabad,HIGH,Premium,2025-05-02,Family,0,2025-05-12 13:14:47
496,50,Kolkata,MEDIUM,Standard,2025-03-26,Family,0,2025-04-05 13:14:47
497,23,Kolkata,MEDIUM,Premium,2023-06-30,Student,0,2023-07-10 13:14:47
498,19,Mumbai,MEDIUM,Premium,2024-04-05,Student,0,2024-04-15 13:14:47
499,38,Hyderabad,LOW,Standard,2025-04-01,Family,0,2025-04-11 13:14:47
500,75,Delhi,MEDIUM,Premium,2022-04-10,Senior,0,2022-04-20 13:14:47
501,19,Delhi,MEDIUM,Standard,2024-06-18,Student,0,2024-06-28 13:14:47
502,69,Mumbai,LOW,Standard,2024-03-11,Senior,0,2024-03-21 13:14:47
503,48,Kolkata,HIGH,Premium,2024-07-31,Family,0,2024-08-10 13:14:47
504,47,Bangalore,MEDIUM,Standard,2022-12-08,Family,1,2022-12-18 13:14:47
505,33,Delhi,MEDIUM,Standard,2022-10-01,Young Professional,0,2022-10-11 13:14:47
506,47,Chennai,LOW,Standard,2024-06-24,Family,0,2024-07-04 13:14:47
507,71,Kolkata,PREMIUM,Elite,2021-12-13,Senior,0,2021-12-23 13:14:47
508,74,Mumbai,MEDIUM,Premium,2022-05-26,Senior,0,2022-06-05 13:14:47
509,35,Bangalore,HIGH,Premium,2023-03-30,Family,0,2023-04-09 13:14:47
510,33,Hyderabad,MEDIUM,Standard,2023-05-31,Young Professional,0,2023-06-10 13:14:47
511,53,Delhi,MEDIUM,Standard,2025-02-13,Family,0,2025-02-23 13:14:47
512,58,Bangalore,LOW,Standard,2023-05-08,Family,0,2023-05-18 13:14:47
513,28,Kolkata,HIGH,Premium,2021-07-07,Young Professional,0,2021-07-17 13:14:47
514,35,Kolkata,MEDIUM,Standard,2021-06-25,Family,0,2021-07-05 13:14:47
515,32,Bangalore,PREMIUM,Elite,2022-05-09,Young Professional,0,2022-05-19 13:14:47
516,29,Mumbai,PREMIUM,Elite,2025-04-26,Young Professional,0,2025-05-06 13:14:47
517,62,Pune,MEDIUM,Standard,2022-01-14,Senior,0,2022-01-24 13:14:47
518,31,Delhi,HIGH,Elite,2022-08-11,Young Professional,0,2022-08-21 13:14:47
519,26,Ahmedabad,MEDIUM,Premium,2023-11-07,Young Professional,0,2023-11-17 13:14:47
520,52,Delhi,MEDIUM,Premium,2024-09-14,Family,0,2024-09-24 13:14:47
521,42,Chennai,MEDIUM,Standard,2021-11-02,Family,0,2021-11-12 13:14:47
522,31,Hyderabad,LOW,Standard,2024-07-06,Young Professional,0,2024-07-16 13:14:47
523,69,Mumbai,MEDIUM,Standard,2022-12-18,Senior,0,2022-12-28 13:14:47
524,70,Ahmedabad,LOW,Standard,2022-12-03,Senior,0,2022-12-13 13:14:47
525,42,Pune,LOW,Standard,2022-02-26,Family,0,2022-03-08 13:14:47
526,49,Ahmedabad,LOW,Standard,2025-03-07,Family,0,2025-03-17 13:14:47
527,31,Delhi,HIGH,Premium,2022-09-22,Young Professional,0,2022-10-02 13:14:47
528,23,Kolkata,LOW,Standard,2025-04-25,Student,0,2025-05-05 13:14:47
529,40,Delhi,LOW,Standard,2022-08-31,Family,0,2022-09-10 13:14:47
530,51,Hyderabad,MEDIUM,Premium,2023-09-04,Family,0,2023-09-14 13:14:47
531,67,Pune,LOW,Standard,2022-06-23,Senior,0,2022-07-03 13:14:47
532,40,Ahmedabad,LOW,Standard,2022-05-11,Family,0,2022-05-21 13:14:47
533,45,Delhi,MEDIUM,Standard,2023-01-06,Family,0,2023-01-16 13:14:47
534,33,Chennai,LOW,Standard,2021-12-01,Young Professional,0,2021-12-11 13:14:47
535,57,Ahmedabad,HIGH,Premium,2021-08-24,Family,0,2021-09-03 13:14:47
536,46,Pune,MEDIUM,Premium,2025-02-03,Family,0,2025-02-13 13:14:47
537,67,Ahmedabad,LOW,Standard,2023-05-01,Senior,0,2023-05-11 13:14:47
538,24,Pune,MEDIUM,Standard,2022-09-29,Young Professional,0,2022-10-09 13:14:47
539,54,Kolkata,MEDIUM,Premium,2024-01-14,Family,0,2024-01-24 13:14:47
540,44,Kolkata,MEDIUM,Premium,2023-05-27,Family,0,2023-06-06 13:14:47
541,27,Kolkata,MEDIUM,Standard,2021-06-21,Young Professional,0,2021-07-01 13:14:47
542,30,Ahmedabad,LOW,Standard,2024-10-08,Young Professional,0,2024-10-18 13:14:47
543,70,Delhi,HIGH,Premium,2024-12-16,Senior,0,2024-12-26 13:14:47
544,34,Delhi,LOW,Standard,2023-07-08,Young Professional,0,2023-07-18 13:14:47
545,38,Delhi,HIGH,Elite,2024-12-06,Family,0,2024-12-16 13:14:47
546,21,Bangalore,HIGH,Premium,2023-09-22,Student,0,2023-10-02 13:14:47
547,57,Kolkata,HIGH,Premium,2021-06-08,Family,0,2021-06-18 13:14:47
548,59,Pune,HIGH,Elite,2024-05-06,Family,0,2024-05-16 13:14:47
549,34,Pune,MEDIUM,Standard,2024-04-08,Young Professional,0,2024-04-18 13:14:47
550,65,Hyderabad,LOW,Standard,2022-08-08,Senior,0,2022-08-18 13:14:47
551,57,Kolkata,MEDIUM,Standard,2023-06-23,Family,0,2023-07-03 13:14:47
552,25,Chennai,HIGH,Premium,2024-11-19,Young Professional,0,2024-11-29 13:14:47
553,34,Ahmedabad,LOW,Standard,2023-02-02,Young Professional,0,2023-02-12 13:14:47
554,22,Delhi,HIGH,Elite,2024-03-15,Student,0,2024-03-25 13:14:47
555,25,Kolkata,LOW,Standard,2025-03-12,Young Professional,0,2025-03-22 13:14:47
556,62,Hyderabad,HIGH,Premium,2023-08-13,Senior,0,2023-08-23 13:14:47
557,37,Pune,HIGH,Premium,2024-06-06,Family,0,2024-06-16 13:14:47
558,69,Hyderabad,HIGH,Premium,2021-07-23,Senior,0,2021-08-02 13:14:47
559,68,Bangalore,LOW,Standard,2021-11-30,Senior,0,2021-12-10 13:14:47
560,71,Hyderabad,HIGH,Elite,2021-10-02,Senior,0,2021-10-12 13:14:47
561,64,Kolkata,LOW,Standard,2022-01-10,Senior,0,2022-01-20 13:14:47
562,25,Bangalore,HIGH,Premium,2022-11-29,Young Professional,0,2022-12-09 13:14:47
563,32,Pune,LOW,Standard,2021-08-01,Young Professional,0,2021-08-11 13:14:47
564,58,Bangalore,MEDIUM,Standard,2024-05-25,Family,0,2024-06-04 13:14:47
565,67,Delhi,MEDIUM,Standard,2023-08-25,Senior,0,2023-09-04 13:14:47
566,19,Pune,MEDIUM,Premium,2024-12-29,Student,0,2025-01-08 13:14:47
567,49,Ahmedabad,MEDIUM,Premium,2022-01-04,Family,0,2022-01-14 13:14:47
568,32,Bangalore,LOW,Standard,2021-07-12,Young Professional,0,2021-07-22 13:14:47
569,42,Hyderabad,MEDIUM,Premium,2023-02-12,Family,0,2023-02-22 13:14:47
570,42,Delhi,LOW,Standard,2024-04-19,Family,0,2024-04-29 13:14:47
571,61,Bangalore,LOW,Standard,2023-07-22,Senior,1,2023-08-01 13:14:47
572,38,Mumbai,LOW,Standard,2022-01-08,Family,0,2022-01-18 13:14:47
573,66,Hyderabad,LOW,Standard,2022-11-07,Senior,0,2022-11-17 13:14:47
574,30,Pune,LOW,Standard,2024-08-09,Young Professional,0,2024-08-19 13:14:47
575,24,Ahmedabad,LOW,Standard,2024-11-16,Young Professional,0,2024-11-26 13:14:47
576,39,Hyderabad,PREMIUM,Elite,2023-12-21,Family,0,2023-12-31 13:14:47
577,30,Delhi,LOW,Standard,2023-12-14,Young Professional,0,2023-12-24 13:14:47
578,69,Pune,HIGH,Premium,2021-07-07,Senior,0,2021-07-17 13:14:47
579,30,Hyderabad,MEDIUM,Premium,2024-04-12,Young Professional,0,2024-04-22 13:14:47
580,73,Hyderabad,MEDIUM,Standard,2025-05-19,Senior,0,2025-05-29 13:14:47
581,47,Chennai,HIGH,Elite,2021-08-16,Family,0,2021-08-26 13:14:47
582,54,Mumbai,LOW,Standard,2024-06-10,Family,0,2024-06-20 13:14:47
583,25,Chennai,LOW,Standard,2021-11-30,Young Professional,0,2021-12-10 13:14:47
584,21,Chennai,LOW,Standard,2022-01-06,Student,0,2022-01-16 13:14:47
585,51,Hyderabad,LOW,Standard,2022-08-08,Family,0,2022-08-18 13:14:47
586,63,Kolkata,MEDIUM,Standard,2022-11-27,Senior,0,2022-12-07 13:14:47
587,65,Mumbai,HIGH,Elite,2024-01-24,Senior,0,2024-02-03 13:14:47
588,59,Pune,HIGH,Premium,2023-11-19,Family,0,2023-11-29 13:14:47
589,31,Bangalore,LOW,Standard,2021-06-26,Young Professional,0,2021-07-06 13:14:47
590,37,Chennai,MEDIUM,Premium,2022-08-27,Family,0,2022-09-06 13:14:47
591,36,Delhi,PREMIUM,Elite,2025-01-26,Family,0,2025-02-05 13:14:47
592,21,Mumbai,HIGH,Elite,2023-12-19,Student,0,2023-12-29 13:14:47
593,43,Mumbai,MEDIUM,Premium,2023-03-08,Family,0,2023-03-18 13:14:47
594,38,Delhi,LOW,Standard,2022-11-08,Family,0,2022-11-18 13:14:47
595,74,Pune,MEDIUM,Premium,2024-09-07,Senior,0,2024-09-17 13:14:47
596,21,Pune,MEDIUM,Premium,2024-07-06,Student,0,2024-07-16 13:14:47
597,69,Delhi,MEDIUM,Premium,2023-05-03,Senior,0,2023-05-13 13:14:47
598,47,Mumbai,HIGH,Elite,2024-12-30,Family,0,2025-01-09 13:14:47
599,36,Bangalore,MEDIUM,Premium,2024-11-08,Family,0,2024-11-18 13:14:47
600,62,Kolkata,HIGH,Premium,2021-10-08,Senior,0,2021-10-18 13:14:47
601,48,Pune,HIGH,Premium,2025-05-19,Family,0,2025-05-29 13:14:47
602,53,Chennai,LOW,Standard,2025-02-14,Family,0,2025-02-24 13:14:47
603,35,Pune,MEDIUM,Standard,2022-04-27,Family,0,2022-05-07 13:14:47
604,64,Pune,PREMIUM,Elite,2022-08-22,Senior,0,2022-09-01 13:14:47
605,50,Kolkata,MEDIUM,Standard,2021-12-01,Family,0,2021-12-11 13:14:47
606,64,Kolkata,LOW,Standard,2025-03-21,Senior,0,2025-03-31 13:14:47
607,56,Delhi,MEDIUM,Standard,2021-07-14,Family,0,2021-07-24 13:14:47
608,69,Chennai,MEDIUM,Premium,2025-04-18,Senior,0,2025-04-28 13:14:47
609,60,Kolkata,LOW,Standard,2024-09-26,Senior,0,2024-10-06 13:14:47
610,23,Chennai,MEDIUM,Standard,2023-11-22,Student,0,2023-12-02 13:14:47
611,59,Bangalore,HIGH,Elite,2022-11-28,Family,0,2022-12-08 13:14:47
612,46,Chennai,MEDIUM,Standard,2025-04-19,Family,0,2025-04-29 13:14:47
613,22,Bangalore,HIGH,Premium,2021-12-01,Student,0,2021-12-11 13:14:47
614,56,Bangalore,MEDIUM,Premium,2023-09-05,Family,0,2023-09-15 13:14:47
615,53,Ahmedabad,HIGH,Elite,2022-02-17,Family,0,2022-02-27 13:14:47
616,61,Kolkata,LOW,Standard,2022-09-26,Senior,0,2022-10-06 13:14:47
617,47,Bangalore,LOW,Standard,2023-09-28,Family,0,2023-10-08 13:14:47
618,45,Delhi,LOW,Standard,2022-01-10,Family,0,2022-01-20 13:14:47
619,27,Ahmedabad,LOW,Standard,2022-02-17,Young Professional,0,2022-02-27 13:14:47
620,42,Hyderabad,HIGH,Premium,2023-02-17,Family,0,2023-02-27 13:14:47
621,73,Kolkata,LOW,Standard,2024-09-30,Senior,0,2024-10-10 13:14:47
622,38,Hyderabad,MEDIUM,Premium,2022-06-09,Family,0,2022-06-19 13:14:47
623,35,Ahmedabad,HIGH,Premium,2022-01-27,Family,0,2022-02-06 13:14:47
624,32,Mumbai,HIGH,Elite,2021-06-18,Young Professional,0,2021-06-28 13:14:47
625,73,Hyderabad,LOW,Standard,2021-10-09,Senior,0,2021-10-19 13:14:47
626,38,Delhi,LOW,Standard,2022-04-09,Family,0,2022-04-19 13:14:47
627,54,Ahmedabad,MEDIUM,Standard,2024-06-01,Family,0,2024-06-11 13:14:47
628,29,Ahmedabad,MEDIUM,Standard,2024-04-08,Young Professional,0,2024-04-18 13:14:47
629,70,Kolkata,LOW,Standard,2024-02-03,Senior,0,2024-02-13 13:14:47
630,39,Bangalore,MEDIUM,Standard,2023-10-23,Family,0,2023-11-02 13:14:47
631,51,Ahmedabad,MEDIUM,Standard,2025-04-25,Family,0,2025-05-05 13:14:47
632,39,Kolkata,MEDIUM,Standard,2022-10-15,Family,0,2022-10-25 13:14:47
633,51,Bangalore,MEDIUM,Standard,2023-02-05,Family,0,2023-02-15 13:14:47
634,39,Chennai,HIGH,Elite,2022-06-13,Family,0,2022-06-23 13:14:47
635,33,Ahmedabad,MEDIUM,Standard,2023-09-09,Young Professional,0,2023-09-19 13:14:47
636,29,Kolkata,LOW,Standard,2021-10-28,Young Professional,0,2021-11-07 13:14:47
637,27,Hyderabad,PREMIUM,Elite,2024-10-07,Young Professional,0,2024-10-17 13:14:47
638,49,Pune,LOW,Standard,2023-12-23,Family,0,2024-01-02 13:14:47
639,21,Mumbai,HIGH,Elite,2024-11-05,Student,1,2024-11-15 13:14:47
640,57,Delhi,HIGH,Elite,2023-09-18,Family,0,2023-09-28 13:14:47
641,44,Delhi,PREMIUM,Elite,2023-07-28,Family,0,2023-08-07 13:14:47
642,43,Hyderabad,MEDIUM,Premium,2025-04-02,Family,0,2025-04-12 13:14:47
643,20,Bangalore,PREMIUM,Elite,2022-05-13,Student,0,2022-05-23 13:14:47
644,52,Delhi,LOW,Standard,2021-06-08,Family,0,2021-06-18 13:14:47
645,67,Kolkata,LOW,Standard,2023-06-29,Senior,0,2023-07-09 13:14:47
646,73,Pune,LOW,Standard,2025-05-30,Senior,0,2025-06-09 13:14:47
647,45,Delhi,HIGH,Elite,2024-02-08,Family,0,2024-02-18 13:14:47
648,72,Pune,MEDIUM,Premium,2024-10-12,Senior,0,2024-10-22 13:14:47
649,59,Bangalore,MEDIUM,Standard,2021-11-23,Family,0,2021-12-03 13:14:47
650,33,Pune,HIGH,Elite,2024-09-21,Young Professional,0,2024-10-01 13:14:47
651,60,Mumbai,PREMIUM,Elite,2022-11-21,Senior,0,2022-12-01 13:14:47
652,72,Hyderabad,LOW,Standard,2023-10-03,Senior,0,2023-10-13 13:14:47
653,65,Chennai,LOW,Standard,2024-09-20,Senior,0,2024-09-30 13:14:47
654,63,Ahmedabad,LOW,Standard,2023-12-11,Senior,0,2023-12-21 13:14:47
655,28,Chennai,MEDIUM,Standard,2022-08-02,Young Professional,0,2022-08-12 13:14:47
656,62,Bangalore,PREMIUM,Elite,2023-08-07,Senior,0,2023-08-17 13:14:47
657,21,Hyderabad,PREMIUM,Elite,2024-10-03,Student,0,2024-10-13 13:14:47
658,22,Mumbai,MEDIUM,Premium,2024-06-19,Student,0,2024-06-29 13:14:47
659,37,Bangalore,HIGH,Elite,2021-08-01,Family,0,2021-08-11 13:14:47
660,52,Bangalore,LOW,Standard,2024-09-15,Family,0,2024-09-25 13:14:47
661,67,Bangalore,LOW,Standard,2021-08-06,Senior,0,2021-08-16 13:14:47
662,64,Ahmedabad,MEDIUM,Standard,2024-03-07,Senior,0,2024-03-17 13:14:47
663,51,Pune,HIGH,Elite,2023-10-28,Family,0,2023-11-07 13:14:47
664,43,Chennai,LOW,Standard,2025-01-02,Family,0,2025-01-12 13:14:47
665,50,Hyderabad,LOW,Standard,2023-12-09,Family,0,2023-12-19 13:14:47
666,64,Chennai,LOW,Standard,2022-06-04,Senior,0,2022-06-14 13:14:47
667,65,Hyderabad,MEDIUM,Premium,2024-09-07,Senior,0,2024-09-17 13:14:47
668,28,Chennai,HIGH,Elite,2022-11-19,Young Professional,0,2022-11-29 13:14:47
669,33,Ahmedabad,LOW,Standard,2024-02-10,Young Professional,0,2024-02-20 13:14:47
670,45,Hyderabad,MEDIUM,Premium,2024-03-10,Family,0,2024-03-20 13:14:47
671,18,Pune,HIGH,Premium,2023-02-03,Student,0,2023-02-13 13:14:47
672,20,Chennai,MEDIUM,Standard,2025-01-15,Student,0,2025-01-25 13:14:47
673,52,Hyderabad,HIGH,Premium,2022-11-01,Family,0,2022-11-11 13:14:47
674,31,Ahmedabad,PREMIUM,Elite,2021-07-13,Young Professional,0,2021-07-23 13:14:47
675,52,Delhi,LOW,Standard,2022-01-23,Family,0,2022-02-02 13:14:47
676,50,Hyderabad,HIGH,Premium,2024-10-31,Family,0,2024-11-10 13:14:47
677,44,Bangalore,MEDIUM,Premium,2023-11-27,Family,0,2023-12-07 13:14:47
678,53,Ahmedabad,MEDIUM,Standard,2023-07-06,Family,0,2023-07-16 13:14:47
679,47,Pune,HIGH,Premium,2023-10-20,Family,1,2023-10-30 13:14:47
680,57,Chennai,HIGH,Elite,2025-01-04,Family,0,2025-01-14 13:14:47
681,39,Kolkata,HIGH,Premium,2025-03-16,Family,0,2025-03-26 13:14:47
682,20,Pune,HIGH,Premium,2024-08-27,Student,1,2024-09-06 13:14:47
683,24,Pune,MEDIUM,Premium,2022-06-06,Young Professional,0,2022-06-16 13:14:47
684,72,Chennai,MEDIUM,Premium,2023-04-12,Senior,0,2023-04-22 13:14:47
685,31,Delhi,LOW,Standard,2023-08-01,Young Professional,0,2023-08-11 13:14:47
686,47,Chennai,LOW,Standard,2023-08-04,Family,0,2023-08-14 13:14:47
687,42,Kolkata,HIGH,Premium,2023-03-09,Family,0,2023-03-19 13:14:47
688,31,Kolkata,HIGH,Premium,2025-03-31,Young Professional,0,2025-04-10 13:14:47
689,19,Bangalore,MEDIUM,Standard,2022-04-13,Student,0,2022-04-23 13:14:47
690,33,Hyderabad,LOW,Standard,2023-01-08,Young Professional,0,2023-01-18 13:14:47
691,29,Bangalore,MEDIUM,Premium,2024-01-30,Young Professional,0,2024-02-09 13:14:47
692,38,Ahmedabad,LOW,Standard,2021-11-15,Family,0,2021-11-25 13:14:47
693,61,Delhi,LOW,Standard,2022-01-29,Senior,0,2022-02-08 13:14:47
694,21,Hyderabad,HIGH,Premium,2024-02-11,Student,0,2024-02-21 13:14:47
695,18,Bangalore,LOW,Standard,2024-06-29,Student,0,2024-07-09 13:14:47
696,29,Delhi,PREMIUM,Elite,2024-12-15,Young Professional,0,2024-12-25 13:14:47
697,58,Chennai,MEDIUM,Premium,2023-03-10,Family,0,2023-03-20 13:14:47
698,57,Delhi,PREMIUM,Elite,2024-01-19,Family,0,2024-01-29 13:14:47
699,21,Chennai,MEDIUM,Premium,2024-06-24,Student,0,2024-07-04 13:14:47
700,39,Ahmedabad,HIGH,Premium,2023-11-06,Family,0,2023-11-16 13:14:47
701,19,Delhi,LOW,Standard,2024-06-25,Student,0,2024-07-05 13:14:47
702,18,Mumbai,LOW,Standard,2021-11-29,Student,0,2021-12-09 13:14:47
703,35,Bangalore,MEDIUM,Premium,2023-04-19,Family,0,2023-04-29 13:14:47
704,44,Pune,LOW,Standard,2021-08-03,Family,0,2021-08-13 13:14:47
705,74,Kolkata,MEDIUM,Standard,2023-05-16,Senior,0,2023-05-26 13:14:47
706,31,Pune,MEDIUM,Standard,2023-05-20,Young Professional,0,2023-05-30 13:14:47
707,66,Delhi,MEDIUM,Premium,2022-09-13,Senior,0,2022-09-23 13:14:47
708,66,Delhi,LOW,Standard,2023-11-30,Senior,0,2023-12-10 13:14:47
709,50,Pune,MEDIUM,Premium,2024-07-01,Family,0,2024-07-11 13:14:47
710,59,Mumbai,LOW,Standard,2024-05-21,Family,0,2024-05-31 13:14:47
711,41,Kolkata,LOW,Standard,2023-12-02,Family,0,2023-12-12 13:14:47
712,38,Mumbai,MEDIUM,Premium,2024-12-06,Family,0,2024-12-16 13:14:47
713,30,Delhi,MEDIUM,Premium,2022-12-13,Young Professional,0,2022-12-23 13:14:47
714,63,Chennai,LOW,Standard,2022-03-03,Senior,0,2022-03-13 13:14:47
715,29,Kolkata,HIGH,Premium,2022-10-24,Young Professional,0,2022-11-03 13:14:47
716,29,Mumbai,MEDIUM,Premium,2021-10-21,Young Professional,0,2021-10-31 13:14:47
717,45,Kolkata,HIGH,Premium,2024-01-04,Family,0,2024-01-14 13:14:47
718,63,Ahmedabad,LOW,Standard,2022-09-06,Senior,0,2022-09-16 13:14:47
719,66,Bangalore,MEDIUM,Standard,2023-02-08,Senior,0,2023-02-18 13:14:47
720,21,Delhi,MEDIUM,Premium,2023-09-07,Student,0,2023-09-17 13:14:47
721,54,Mumbai,LOW,Standard,2024-04-21,Family,0,2024-05-01 13:14:47
722,66,Chennai,LOW,Standard,2021-08-05,Senior,0,2021-08-15 13:14:47
723,58,Chennai,PREMIUM,Elite,2022-10-22,Family,0,2022-11-01 13:14:47
724,27,Kolkata,MEDIUM,Premium,2021-11-25,Young Professional,0,2021-12-05 13:14:47
725,68,Pune,PREMIUM,Elite,2021-08-06,Senior,0,2021-08-16 13:14:47
726,20,Hyderabad,HIGH,Premium,2023-08-10,Student,0,2023-08-20 13:14:47
727,46,Chennai,LOW,Standard,2021-09-02,Family,0,2021-09-12 13:14:47
728,34,Kolkata,MEDIUM,Standard,2024-09-12,Young Professional,0,2024-09-22 13:14:47
729,18,Kolkata,LOW,Standard,2022-09-25,Student,0,2022-10-05 13:14:47
730,66,Delhi,LOW,Standard,2022-11-29,Senior,0,2022-12-09 13:14:47
731,74,Pune,LOW,Standard,2024-09-03,Senior,0,2024-09-13 13:14:47
732,35,Ahmedabad,MEDIUM,Premium,2021-06-15,Family,0,2021-06-25 13:14:47
733,70,Kolkata,HIGH,Premium,2022-07-19,Senior,0,2022-07-29 13:14:47
734,51,Ahmedabad,MEDIUM,Premium,2024-11-24,Family,0,2024-12-04 13:14:47
735,32,Kolkata,HIGH,Elite,2025-05-15,Young Professional,0,2025-05-25 13:14:47
736,65,Delhi,LOW,Standard,2022-04-22,Senior,0,2022-05-02 13:14:47
737,50,Delhi,MEDIUM,Premium,2021-11-01,Family,0,2021-11-11 13:14:47
738,54,Bangalore,MEDIUM,Premium,2024-04-12,Family,0,2024-04-22 13:14:47
739,18,Kolkata,PREMIUM,Elite,2022-01-28,Student,0,2022-02-07 13:14:47
740,45,Delhi,LOW,Standard,2022-09-04,Family,0,2022-09-14 13:14:47
741,28,Hyderabad,MEDIUM,Premium,2023-11-09,Young Professional,0,2023-11-19 13:14:47
742,51,Ahmedabad,HIGH,Elite,2022-01-26,Family,0,2022-02-05 13:14:47
743,48,Bangalore,MEDIUM,Premium,2021-06-10,Family,0,2021-06-20 13:14:47
744,73,Kolkata,PREMIUM,Elite,2025-03-24,Senior,0,2025-04-03 13:14:47
745,43,Mumbai,LOW,Standard,2024-06-09,Family,0,2024-06-19 13:14:47
746,59,Pune,MEDIUM,Premium,2024-09-18,Family,0,2024-09-28 13:14:47
747,32,Mumbai,MEDIUM,Standard,2024-02-08,Young Professional,0,2024-02-18 13:14:47
748,54,Pune,PREMIUM,Elite,2022-07-14,Family,0,2022-07-24 13:14:47
749,21,Bangalore,PREMIUM,Elite,2024-11-18,Student,0,2024-11-28 13:14:47
750,30,Bangalore,MEDIUM,Premium,2023-09-08,Young Professional,0,2023-09-18 13:14:47
751,62,Mumbai,PREMIUM,Elite,2021-11-13,Senior,0,2021-11-23 13:14:47
752,54,Delhi,MEDIUM,Standard,2023-08-03,Family,0,2023-08-13 13:14:47
753,70,Kolkata,HIGH,Elite,2022-11-03,Senior,0,2022-11-13 13:14:47
754,51,Pune,LOW,Standard,2023-05-07,Family,0,2023-05-17 13:14:47
755,63,Bangalore,MEDIUM,Premium,2024-08-11,Senior,0,2024-08-21 13:14:47
756,21,Kolkata,MEDIUM,Premium,2021-11-11,Student,0,2021-11-21 13:14:47
757,30,Ahmedabad,MEDIUM,Standard,2025-01-19,Young Professional,0,2025-01-29 13:14:47
758,34,Bangalore,HIGH,Elite,2025-02-23,Young Professional,0,2025-03-05 13:14:47
759,41,Pune,MEDIUM,Premium,2024-12-24,Family,0,2025-01-03 13:14:47
760,25,Hyderabad,LOW,Standard,2023-08-20,Young Professional,0,2023-08-30 13:14:47
761,71,Delhi,LOW,Standard,2025-04-04,Senior,0,2025-04-14 13:14:47
762,51,Bangalore,HIGH,Elite,2022-03-31,Family,0,2022-04-10 13:14:47
763,71,Pune,HIGH,Premium,2024-02-17,Senior,0,2024-02-27 13:14:47
764,73,Hyderabad,LOW,Standard,2023-11-27,Senior,0,2023-12-07 13:14:47
765,23,Ahmedabad,LOW,Standard,2025-01-11,Student,0,2025-01-21 13:14:47
766,61,Hyderabad,MEDIUM,Premium,2023-01-25,Senior,0,2023-02-04 13:14:47
767,72,Chennai,MEDIUM,Standard,2022-05-08,Senior,0,2022-05-18 13:14:47
768,41,Bangalore,MEDIUM,Standard,2023-06-23,Family,0,2023-07-03 13:14:47
769,68,Ahmedabad,MEDIUM,Standard,2022-10-07,Senior,0,2022-10-17 13:14:47
770,45,Ahmedabad,HIGH,Premium,2023-04-27,Family,0,2023-05-07 13:14:47
771,52,Kolkata,LOW,Standard,2021-09-23,Family,0,2021-10-03 13:14:47
772,62,Delhi,MEDIUM,Premium,2023-01-08,Senior,0,2023-01-18 13:14:47
773,25,Hyderabad,LOW,Standard,2021-09-29,Young Professional,0,2021-10-09 13:14:47
774,30,Bangalore,PREMIUM,Elite,2024-08-24,Young Professional,0,2024-09-03 13:14:47
775,67,Chennai,MEDIUM,Standard,2021-09-03,Senior,0,2021-09-13 13:14:47
776,20,Chennai,MEDIUM,Standard,2024-07-22,Student,0,2024-08-01 13:14:47
777,33,Chennai,HIGH,Elite,2023-07-12,Young Professional,0,2023-07-22 13:14:47
778,47,Mumbai,LOW,Standard,2025-05-19,Family,0,2025-05-29 13:14:47
779,43,Kolkata,HIGH,Elite,2021-09-25,Family,1,2021-10-05 13:14:47
780,20,Bangalore,HIGH,Premium,2025-05-13,Student,0,2025-05-23 13:14:47
781,32,Delhi,LOW,Standard,2023-08-29,Young Professional,0,2023-09-08 13:14:47
782,26,Pune,HIGH,Elite,2023-12-08,Young Professional,0,2023-12-18 13:14:47
783,57,Pune,MEDIUM,Premium,2023-03-28,Family,0,2023-04-07 13:14:47
784,21,Delhi,MEDIUM,Standard,2021-08-25,Student,0,2021-09-04 13:14:47
785,25,Kolkata,LOW,Standard,2024-12-01,Young Professional,0,2024-12-11 13:14:47
786,49,Ahmedabad,LOW,Standard,2025-03-16,Family,0,2025-03-26 13:14:47
787,33,Kolkata,MEDIUM,Standard,2024-05-28,Young Professional,0,2024-06-07 13:14:47
788,33,Bangalore,MEDIUM,Standard,2024-07-20,Young Professional,0,2024-07-30 13:14:47
789,30,Pune,MEDIUM,Standard,2024-01-16,Young Professional,0,2024-01-26 13:14:47
790,20,Delhi,HIGH,Premium,2022-10-07,Student,0,2022-10-17 13:14:47
791,72,Hyderabad,PREMIUM,Elite,2023-06-05,Senior,0,2023-06-15 13:14:47
792,56,Bangalore,LOW,Standard,2021-12-28,Family,0,2022-01-07 13:14:47
793,30,Chennai,MEDIUM,Premium,2022-06-26,Young Professional,0,2022-07-06 13:14:47
794,42,Hyderabad,LOW,Standard,2024-07-05,Family,0,2024-07-15 13:14:47
795,49,Hyderabad,MEDIUM,Standard,2022-08-08,Family,0,2022-08-18 13:14:47
796,71,Hyderabad,LOW,Standard,2024-12-29,Senior,0,2025-01-08 13:14:47
797,67,Hyderabad,HIGH,Premium,2022-08-30,Senior,0,2022-09-09 13:14:47
798,32,Bangalore,MEDIUM,Standard,2023-07-05,Young Professional,0,2023-07-15 13:14:47
799,40,Bangalore,HIGH,Elite,2022-08-06,Family,0,2022-08-16 13:14:47
800,31,Mumbai,HIGH,Premium,2024-06-18,Young Professional,0,2024-06-28 13:14:47
801,58,Delhi,HIGH,Premium,2022-09-20,Family,0,2022-09-30 13:14:47
802,46,Hyderabad,LOW,Standard,2022-05-14,Family,0,2022-05-24 13:14:47
803,34,Pune,LOW,Standard,2023-03-12,Young Professional,0,2023-03-22 13:14:47
804,23,Ahmedabad,LOW,Standard,2022-12-31,Student,0,2023-01-10 13:14:47
805,45,Hyderabad,LOW,Standard,2023-11-08,Family,0,2023-11-18 13:14:47
806,26,Chennai,HIGH,Elite,2024-04-05,Young Professional,0,2024-04-15 13:14:47
807,35,Hyderabad,HIGH,Elite,2025-01-17,Family,0,2025-01-27 13:14:47
808,23,Delhi,MEDIUM,Standard,2023-07-17,Student,0,2023-07-27 13:14:47
809,75,Bangalore,LOW,Standard,2022-11-21,Senior,0,2022-12-01 13:14:47
810,42,Pune,HIGH,Elite,2022-12-14,Family,0,2022-12-24 13:14:47
811,38,Ahmedabad,HIGH,Premium,2022-08-05,Family,0,2022-08-15 13:14:47
812,41,Kolkata,HIGH,Premium,2024-04-02,Family,0,2024-04-12 13:14:47
813,26,Kolkata,LOW,Standard,2022-10-02,Young Professional,0,2022-10-12 13:14:47
814,54,Kolkata,LOW,Standard,2022-05-09,Family,0,2022-05-19 13:14:47
815,56,Bangalore,MEDIUM,Premium,2021-08-28,Family,0,2021-09-07 13:14:47
816,35,Delhi,MEDIUM,Premium,2024-10-23,Family,0,2024-11-02 13:14:47
817,24,Chennai,HIGH,Elite,2024-11-09,Young Professional,0,2024-11-19 13:14:47
818,53,Delhi,HIGH,Elite,2023-08-28,Family,0,2023-09-07 13:14:47
819,28,Ahmedabad,HIGH,Premium,2022-05-10,Young Professional,0,2022-05-20 13:14:47
820,62,Bangalore,LOW,Standard,2023-04-23,Senior,0,2023-05-03 13:14:47
821,35,Mumbai,HIGH,Elite,2024-07-16,Family,0,2024-07-26 13:14:47
822,38,Pune,MEDIUM,Premium,2023-03-08,Family,0,2023-03-18 13:14:47
823,53,Chennai,LOW,Standard,2024-10-15,Family,0,2024-10-25 13:14:47
824,74,Kolkata,HIGH,Elite,2025-04-14,Senior,0,2025-04-24 13:14:47
825,61,Chennai,LOW,Standard,2023-11-27,Senior,0,2023-12-07 13:14:47
826,55,Ahmedabad,MEDIUM,Premium,2023-01-21,Family,0,2023-01-31 13:14:47
827,52,Ahmedabad,MEDIUM,Premium,2025-02-16,Family,0,2025-02-26 13:14:47
828,29,Ahmedabad,MEDIUM,Standard,2023-12-14,Young Professional,0,2023-12-24 13:14:47
829,53,Delhi,LOW,Standard,2023-01-31,Family,0,2023-02-10 13:14:47
830,37,Ahmedabad,MEDIUM,Standard,2023-04-15,Family,0,2023-04-25 13:14:47
831,57,Chennai,LOW,Standard,2024-12-14,Family,0,2024-12-24 13:14:47
832,51,Mumbai,LOW,Standard,2021-07-23,Family,1,2021-08-02 13:14:47
833,70,Hyderabad,MEDIUM,Premium,2025-04-13,Senior,0,2025-04-23 13:14:47
834,69,Ahmedabad,MEDIUM,Premium,2025-05-26,Senior,1,2025-06-05 13:14:47
835,60,Mumbai,MEDIUM,Standard,2022-10-08,Senior,0,2022-10-18 13:14:47
836,64,Pune,MEDIUM,Standard,2024-12-29,Senior,0,2025-01-08 13:14:47
837,50,Hyderabad,MEDIUM,Premium,2022-07-04,Family,0,2022-07-14 13:14:47
838,21,Pune,HIGH,Elite,2024-02-04,Student,0,2024-02-14 13:14:47
839,51,Mumbai,MEDIUM,Premium,2022-05-31,Family,0,2022-06-10 13:14:47
840,61,Mumbai,LOW,Standard,2022-05-06,Senior,0,2022-05-16 13:14:47
841,22,Kolkata,MEDIUM,Premium,2022-10-01,Student,0,2022-10-11 13:14:47
842,32,Delhi,MEDIUM,Premium,2024-09-02,Young Professional,0,2024-09-12 13:14:47
843,43,Ahmedabad,LOW,Standard,2024-06-10,Family,0,2024-06-20 13:14:47
844,42,Delhi,HIGH,Premium,2021-10-21,Family,0,2021-10-31 13:14:47
845,30,Delhi,HIGH,Elite,2021-08-23,Young Professional,0,2021-09-02 13:14:47
846,48,Kolkata,MEDIUM,Premium,2024-02-02,Family,0,2024-02-12 13:14:47
847,64,Kolkata,PREMIUM,Elite,2024-11-03,Senior,0,2024-11-13 13:14:47
848,74,Chennai,HIGH,Elite,2024-02-04,Senior,0,2024-02-14 13:14:47
849,43,Mumbai,LOW,Standard,2025-06-02,Family,0,2025-06-12 13:14:47
850,58,Mumbai,MEDIUM,Standard,2022-11-04,Family,0,2022-11-14 13:14:47
851,51,Kolkata,LOW,Standard,2022-04-18,Family,0,2022-04-28 13:14:47
852,22,Ahmedabad,MEDIUM,Standard,2023-10-18,Student,0,2023-10-28 13:14:47
853,31,Bangalore,MEDIUM,Premium,2022-01-07,Young Professional,0,2022-01-17 13:14:47
854,47,Kolkata,HIGH,Premium,2024-01-04,Family,0,2024-01-14 13:14:47
855,60,Pune,MEDIUM,Premium,2024-07-11,Senior,0,2024-07-21 13:14:47
856,28,Kolkata,MEDIUM,Premium,2024-09-08,Young Professional,0,2024-09-18 13:14:47
857,65,Hyderabad,MEDIUM,Premium,2022-05-20,Senior,0,2022-05-30 13:14:47
858,29,Mumbai,LOW,Standard,2024-09-06,Young Professional,0,2024-09-16 13:14:47
859,72,Kolkata,LOW,Standard,2025-01-04,Senior,1,2025-01-14 13:14:47
860,61,Pune,HIGH,Elite,2025-02-02,Senior,0,2025-02-12 13:14:47
861,60,Mumbai,MEDIUM,Premium,2023-02-10,Senior,0,2023-02-20 13:14:47
862,72,Hyderabad,MEDIUM,Standard,2024-06-10,Senior,0,2024-06-20 13:14:47
863,49,Mumbai,MEDIUM,Premium,2023-02-25,Family,0,2023-03-07 13:14:47
864,34,Bangalore,LOW,Standard,2023-05-15,Young Professional,0,2023-05-25 13:14:47
865,39,Bangalore,MEDIUM,Standard,2024-04-12,Family,1,2024-04-22 13:14:47
866,54,Mumbai,MEDIUM,Standard,2022-03-15,Family,0,2022-03-25 13:14:47
867,60,Chennai,LOW,Standard,2024-12-19,Senior,0,2024-12-29 13:14:47
868,19,Ahmedabad,MEDIUM,Premium,2022-11-06,Student,0,2022-11-16 13:14:47
869,54,Pune,LOW,Standard,2024-06-23,Family,0,2024-07-03 13:14:47
870,30,Pune,LOW,Standard,2023-05-29,Young Professional,0,2023-06-08 13:14:47
871,73,Pune,PREMIUM,Elite,2023-12-09,Senior,0,2023-12-19 13:14:47
872,49,Mumbai,MEDIUM,Standard,2024-07-15,Family,0,2024-07-25 13:14:47
873,37,Chennai,LOW,Standard,2021-08-24,Family,0,2021-09-03 13:14:47
874,31,Ahmedabad,MEDIUM,Premium,2023-07-23,Young Professional,0,2023-08-02 13:14:47
875,37,Kolkata,MEDIUM,Standard,2022-05-28,Family,0,2022-06-07 13:14:47
876,67,Ahmedabad,PREMIUM,Elite,2025-01-04,Senior,0,2025-01-14 13:14:47
877,69,Kolkata,LOW,Standard,2024-07-27,Senior,0,2024-08-06 13:14:47
878,58,Ahmedabad,LOW,Standard,2022-02-06,Family,0,2022-02-16 13:14:47
879,51,Chennai,MEDIUM,Premium,2023-06-05,Family,0,2023-06-15 13:14:47
880,28,Hyderabad,MEDIUM,Standard,2023-08-16,Young Professional,0,2023-08-26 13:14:47
881,43,Hyderabad,HIGH,Elite,2022-05-01,Family,0,2022-05-11 13:14:47
882,64,Chennai,PREMIUM,Elite,2025-01-04,Senior,0,2025-01-14 13:14:47
883,38,Kolkata,HIGH,Elite,2023-04-08,Family,0,2023-04-18 13:14:47
884,32,Kolkata,MEDIUM,Premium,2022-05-01,Young Professional,0,2022-05-11 13:14:47
885,58,Hyderabad,LOW,Standard,2025-02-15,Family,0,2025-02-25 13:14:47
886,45,Pune,MEDIUM,Premium,2024-02-18,Family,0,2024-02-28 13:14:47
887,32,Kolkata,HIGH,Premium,2023-07-01,Young Professional,0,2023-07-11 13:14:47
888,44,Hyderabad,HIGH,Premium,2024-11-30,Family,0,2024-12-10 13:14:47
889,46,Hyderabad,HIGH,Premium,2022-08-14,Family,0,2022-08-24 13:14:47
890,74,Kolkata,MEDIUM,Premium,2022-02-18,Senior,0,2022-02-28 13:14:47
891,40,Hyderabad,PREMIUM,Elite,2023-01-26,Family,0,2023-02-05 13:14:47
892,58,Chennai,LOW,Standard,2023-07-08,Family,0,2023-07-18 13:14:47
893,54,Hyderabad,HIGH,Elite,2023-07-28,Family,0,2023-08-07 13:14:47
894,55,Bangalore,LOW,Standard,2024-11-07,Family,0,2024-11-17 13:14:47
895,68,Chennai,LOW,Standard,2023-02-14,Senior,0,2023-02-24 13:14:47
896,53,Mumbai,HIGH,Premium,2021-09-09,Family,0,2021-09-19 13:14:47
897,47,Chennai,MEDIUM,Standard,2023-12-18,Family,0,2023-12-28 13:14:47
898,68,Delhi,LOW,Standard,2021-08-01,Senior,0,2021-08-11 13:14:47
899,64,Kolkata,HIGH,Elite,2024-01-20,Senior,0,2024-01-30 13:14:47
900,71,Delhi,MEDIUM,Standard,2023-05-16,Senior,0,2023-05-26 13:14:47
901,72,Mumbai,MEDIUM,Standard,2022-01-28,Senior,0,2022-02-07 13:14:47
902,51,Pune,HIGH,Elite,2024-01-03,Family,0,2024-01-13 13:14:47
903,49,Ahmedabad,LOW,Standard,2024-01-19,Family,0,2024-01-29 13:14:47
904,65,Hyderabad,LOW,Standard,2025-01-05,Senior,0,2025-01-15 13:14:47
905,54,Hyderabad,LOW,Standard,2022-02-08,Family,0,2022-02-18 13:14:47
906,53,Delhi,PREMIUM,Elite,2022-12-25,Family,0,2023-01-04 13:14:47
907,57,Mumbai,LOW,Standard,2021-06-21,Family,0,2021-07-01 13:14:47
908,18,Pune,LOW,Standard,2021-08-05,Student,0,2021-08-15 13:14:47
909,74,Mumbai,LOW,Standard,2023-05-06,Senior,0,2023-05-16 13:14:47
910,26,Ahmedabad,MEDIUM,Standard,2024-09-18,Young Professional,0,2024-09-28 13:14:47
911,70,Hyderabad,HIGH,Premium,2023-11-24,Senior,0,2023-12-04 13:14:47
912,64,Mumbai,MEDIUM,Premium,2024-11-27,Senior,0,2024-12-07 13:14:47
913,20,Delhi,MEDIUM,Premium,2022-05-10,Student,0,2022-05-20 13:14:47
914,21,Hyderabad,MEDIUM,Premium,2023-02-07,Student,0,2023-02-17 13:14:47
915,52,Ahmedabad,LOW,Standard,2023-03-04,Family,0,2023-03-14 13:14:47
916,51,Ahmedabad,MEDIUM,Premium,2023-06-10,Family,0,2023-06-20 13:14:47
917,36,Chennai,HIGH,Premium,2022-09-18,Family,0,2022-09-28 13:14:47
918,36,Kolkata,MEDIUM,Standard,2024-08-28,Family,0,2024-09-07 13:14:47
919,57,Ahmedabad,LOW,Standard,2023-08-18,Family,0,2023-08-28 13:14:47
920,60,Bangalore,HIGH,Premium,2022-05-15,Senior,0,2022-05-25 13:14:47
921,40,Kolkata,MEDIUM,Premium,2022-07-27,Family,0,2022-08-06 13:14:47
922,54,Chennai,LOW,Standard,2022-01-24,Family,0,2022-02-03 13:14:47
923,20,Pune,HIGH,Elite,2022-08-27,Student,0,2022-09-06 13:14:47
924,35,Kolkata,LOW,Standard,2022-04-16,Family,0,2022-04-26 13:14:47
925,29,Pune,LOW,Standard,2024-07-11,Young Professional,0,2024-07-21 13:14:47
926,29,Bangalore,MEDIUM,Standard,2022-05-13,Young Professional,0,2022-05-23 13:14:47
927,45,Ahmedabad,MEDIUM,Premium,2025-02-09,Family,0,2025-02-19 13:14:47
928,50,Chennai,LOW,Standard,2025-05-19,Family,0,2025-05-29 13:14:47
929,19,Hyderabad,LOW,Standard,2024-03-12,Student,0,2024-03-22 13:14:47
930,37,Chennai,MEDIUM,Premium,2024-11-04,Family,0,2024-11-14 13:14:47
931,36,Hyderabad,HIGH,Elite,2023-05-09,Family,0,2023-05-19 13:14:47
932,41,Hyderabad,LOW,Standard,2023-06-24,Family,0,2023-07-04 13:14:47
933,25,Hyderabad,LOW,Standard,2024-11-17,Young Professional,0,2024-11-27 13:14:47
934,23,Chennai,MEDIUM,Standard,2021-07-02,Student,0,2021-07-12 13:14:47
935,22,Delhi,LOW,Standard,2024-04-08,Student,0,2024-04-18 13:14:47
936,66,Hyderabad,MEDIUM,Standard,2022-08-23,Senior,0,2022-09-02 13:14:47
937,51,Pune,MEDIUM,Premium,2024-11-11,Family,0,2024-11-21 13:14:47
938,41,Delhi,MEDIUM,Premium,2025-05-16,Family,0,2025-05-26 13:14:47
939,72,Kolkata,LOW,Standard,2023-08-08,Senior,0,2023-08-18 13:14:47
940,37,Chennai,LOW,Standard,2022-10-31,Family,0,2022-11-10 13:14:47
941,36,Ahmedabad,MEDIUM,Standard,2024-06-05,Family,0,2024-06-15 13:14:47
942,70,Ahmedabad,LOW,Standard,2022-04-06,Senior,0,2022-04-16 13:14:47
943,27,Pune,MEDIUM,Premium,2021-08-31,Young Professional,0,2021-09-10 13:14:47
944,58,Chennai,MEDIUM,Standard,2022-06-20,Family,0,2022-06-30 13:14:47
945,46,Delhi,LOW,Standard,2023-10-21,Family,0,2023-10-31 13:14:47
946,27,Kolkata,MEDIUM,Standard,2021-10-07,Young Professional,0,2021-10-17 13:14:47
947,65,Delhi,LOW,Standard,2021-12-13,Senior,0,2021-12-23 13:14:47
948,51,Chennai,MEDIUM,Standard,2024-08-27,Family,0,2024-09-06 13:14:47
949,62,Bangalore,MEDIUM,Premium,2023-03-13,Senior,0,2023-03-23 13:14:47
950,36,Ahmedabad,PREMIUM,Elite,2021-06-24,Family,0,2021-07-04 13:14:47
951,63,Chennai,LOW,Standard,2024-09-18,Senior,0,2024-09-28 13:14:47
952,34,Delhi,MEDIUM,Premium,2025-04-14,Young Professional,0,2025-04-24 13:14:47
953,69,Mumbai,HIGH,Elite,2022-04-13,Senior,0,2022-04-23 13:14:47
954,64,Bangalore,LOW,Standard,2024-05-24,Senior,0,2024-06-03 13:14:47
955,43,Ahmedabad,PREMIUM,Elite,2023-01-29,Family,0,2023-02-08 13:14:47
956,74,Ahmedabad,MEDIUM,Premium,2024-11-07,Senior,0,2024-11-17 13:14:47
957,56,Mumbai,LOW,Standard,2025-01-07,Family,0,2025-01-17 13:14:47
958,69,Hyderabad,LOW,Standard,2023-06-01,Senior,0,2023-06-11 13:14:47
959,22,Chennai,LOW,Standard,2023-03-28,Student,0,2023-04-07 13:14:47
960,67,Mumbai,HIGH,Elite,2021-10-08,Senior,0,2021-10-18 13:14:47
961,33,Kolkata,LOW,Standard,2021-10-18,Young Professional,0,2021-10-28 13:14:47
962,35,Mumbai,HIGH,Premium,2024-09-05,Family,0,2024-09-15 13:14:47
963,30,Ahmedabad,HIGH,Premium,2024-05-16,Young Professional,0,2024-05-26 13:14:47
964,18,Hyderabad,LOW,Standard,2023-10-13,Student,0,2023-10-23 13:14:47
965,68,Bangalore,HIGH,Premium,2023-06-17,Senior,0,2023-06-27 13:14:47
966,23,Pune,HIGH,Elite,2024-08-16,Student,0,2024-08-26 13:14:47
967,45,Pune,PREMIUM,Elite,2023-12-06,Family,0,2023-12-16 13:14:47
968,73,Pune,HIGH,Elite,2023-04-29,Senior,0,2023-05-09 13:14:47
969,60,Delhi,MEDIUM,Standard,2023-05-27,Senior,0,2023-06-06 13:14:47
970,53,Kolkata,MEDIUM,Standard,2021-09-17,Family,0,2021-09-27 13:14:47
971,51,Bangalore,MEDIUM,Premium,2024-01-12,Family,0,2024-01-22 13:14:47
972,74,Bangalore,LOW,Standard,2022-01-16,Senior,0,2022-01-26 13:14:47
973,60,Mumbai,MEDIUM,Standard,2022-09-23,Senior,0,2022-10-03 13:14:47
974,72,Hyderabad,HIGH,Elite,2022-11-16,Senior,0,2022-11-26 13:14:47
975,18,Pune,PREMIUM,Elite,2021-09-11,Student,0,2021-09-21 13:14:47
976,22,Chennai,HIGH,Premium,2023-01-29,Student,0,2023-02-08 13:14:47
977,24,Ahmedabad,HIGH,Elite,2024-08-08,Young Professional,0,2024-08-18 13:14:47
978,52,Bangalore,HIGH,Elite,2022-04-11,Family,0,2022-04-21 13:14:47
979,44,Chennai,MEDIUM,Standard,2024-09-03,Family,0,2024-09-13 13:14:47
980,75,Mumbai,HIGH,Elite,2025-01-05,Senior,0,2025-01-15 13:14:47
981,63,Mumbai,PREMIUM,Elite,2021-07-25,Senior,0,2021-08-04 13:14:47
982,59,Chennai,MEDIUM,Standard,2024-07-28,Family,0,2024-08-07 13:14:47
983,50,Delhi,MEDIUM,Standard,2023-03-01,Family,0,2023-03-11 13:14:47
984,68,Ahmedabad,HIGH,Premium,2022-07-10,Senior,0,2022-07-20 13:14:47
985,71,Chennai,HIGH,Premium,2025-03-12,Senior,0,2025-03-22 13:14:47
986,40,Pune,MEDIUM,Premium,2024-04-19,Family,0,2024-04-29 13:14:47
987,39,Chennai,LOW,Standard,2021-12-22,Family,0,2022-01-01 13:14:47
988,30,Mumbai,HIGH,Premium,2021-08-11,Young Professional,0,2021-08-21 13:14:47
989,40,Hyderabad,MEDIUM,Standard,2021-12-14,Family,1,2021-12-24 13:14:47
990,19,Kolkata,MEDIUM,Premium,2023-09-26,Student,0,2023-10-06 13:14:47
991,39,Chennai,MEDIUM,Premium,2021-06-30,Family,1,2021-07-10 13:14:47
992,60,Bangalore,HIGH,Premium,2024-01-25,Senior,0,2024-02-04 13:14:47
993,27,Pune,MEDIUM,Premium,2025-02-12,Young Professional,0,2025-02-22 13:14:47
994,26,Hyderabad,LOW,Standard,2022-08-07,Young Professional,0,2022-08-17 13:14:47
995,72,Bangalore,LOW,Standard,2022-04-13,Senior,0,2022-04-23 13:14:47
996,32,Ahmedabad,HIGH,Premium,2024-06-09,Young Professional,0,2024-06-19 13:14:47
997,64,Kolkata,HIGH,Elite,2025-05-19,Senior,0,2025-05-29 13:14:47
998,57,Kolkata,HIGH,Elite,2024-03-15,Family,0,2024-03-25 13:14:47
999,51,Pune,MEDIUM,Standard,2023-05-11,Family,0,2023-05-21 13:14:47
1000,46,Hyderabad,MEDIUM,Premium,2024-11-14,Family,0,2024-11-24 13:14:47
