customer_id,age,city,income_band,card_type,join_date,life_stage,opted_out,created_at
1,56,Delhi,HIGH,Premium,2021-11-20,Family,0,2021-11-30
2,38,Hyderabad,LOW,Standard,2024-02-26,Family,0,2024-03-07
3,28,Chennai,HIGH,Premium,2022-05-10,Young Professional,0,2022-05-20
4,20,Delhi,LOW,Standard,2023-04-29,Student,0,2023-05-09
5,47,Pune,LOW,Standard,2022-02-07,Family,0,2022-02-17
6,50,Mumbai,MEDIUM,Standard,2025-05-16,Family,1,2025-05-26
7,42,Chennai,LOW,Standard,2022-06-20,Family,0,2022-06-30
8,45,Mumbai,PREMIUM,Elite,2024-11-29,Family,0,2024-12-09
9,68,Pune,MEDIUM,Standard,2021-12-17,Senior,0,2021-12-27
10,20,Ahmedabad,HIGH,Elite,2023-08-30,Student,0,2023-09-09
11,56,Mumbai,LOW,Standard,2023-10-15,Family,0,2023-10-25
12,67,Pune,MEDIUM,Premium,2021-09-06,Senior,0,2021-09-16
13,37,Hyderabad,LOW,Standard,2022-10-25,Family,0,2022-11-04
14,25,Chennai,LOW,Standard,2024-11-13,Young Professional,0,2024-11-23
15,67,Delhi,MEDIUM,Standard,2022-08-16,Senior,0,2022-08-26
16,71,Pune,MEDIUM,Standard,2023-07-05,Senior,0,2023-07-15
17,61,Kolkata,PREMIUM,Elite,2022-09-15,Senior,0,2022-09-25
18,65,Hyderabad,MEDIUM,Standard,2021-12-09,Senior,0,2021-12-19
19,57,Ahmedabad,HIGH,Premium,2024-07-04,Family,0,2024-07-14
20,41,Pune,MEDIUM,Standard,2023-05-05,Family,0,2023-05-15
21,62,Hyderabad,LOW,Standard,2025-05-23,Senior,0,2025-06-02
22,42,Chennai,PREMIUM,Elite,2021-09-08,Family,0,2021-09-18
23,25,Mumbai,LOW,Standard,2022-04-01,Young Professional,0,2022-04-11
24,25,Hyderabad,HIGH,Premium,2024-08-22,Young Professional,0,2024-09-01
25,59,Chennai,MEDIUM,Standard,2025-04-27,Family,0,2025-05-07
26,26,Pune,MEDIUM,Premium,2022-11-20,Young Professional,0,2022-11-30
27,72,Ahmedabad,MEDIUM,Premium,2023-03-25,Senior,0,2023-04-04
28,57,Bangalore,LOW,Standard,2022-10-20,Family,0,2022-10-30
29,64,Kolkata,HIGH,Premium,2022-08-13,Senior,0,2022-08-23
30,31,Hyderabad,MEDIUM,Standard,2024-05-10,Young Professional,0,2024-05-20
31,43,Bangalore,LOW,Standard,2023-01-25,Family,0,2023-02-04
32,69,Bangalore,MEDIUM,Premium,2024-02-08,Senior,0,2024-02-18
33,62,Pune,MEDIUM,Premium,2023-12-14,Senior,0,2023-12-24
34,49,Chennai,MEDIUM,Premium,2021-12-18,Family,0,2021-12-28
35,19,Mumbai,MEDIUM,Standard,2022-08-29,Student,0,2022-09-08
36,45,Mumbai,LOW,Standard,2021-09-12,Family,0,2021-09-22
37,28,Pune,MEDIUM,Premium,2021-09-04,Young Professional,0,2021-09-14
38,50,Delhi,LOW,Standard,2021-11-08,Family,0,2021-11-18
39,69,Kolkata,MEDIUM,Standard,2021-12-02,Senior,1,2021-12-12
40,25,Ahmedabad,MEDIUM,Premium,2024-07-24,Young Professional,0,2024-08-03
41,68,Ahmedabad,LOW,Standard,2023-08-13,Senior,0,2023-08-23
42,71,Hyderabad,LOW,Standard,2021-12-28,Senior,0,2022-01-07
43,66,Chennai,LOW,Standard,2021-11-23,Senior,0,2021-12-03
44,19,Pune,HIGH,Elite,2022-10-29,Student,0,2022-11-08
45,66,Kolkata,PREMIUM,Elite,2024-10-30,Senior,0,2024-11-09
46,54,Bangalore,MEDIUM,Premium,2024-05-18,Family,0,2024-05-28
47,19,Delhi,MEDIUM,Standard,2023-06-08,Student,0,2023-06-18
48,49,Delhi,MEDIUM,Standard,2024-11-16,Family,0,2024-11-26
49,34,Bangalore,HIGH,Elite,2024-08-31,Young Professional,0,2024-09-10
50,51,Delhi,MEDIUM,Premium,2023-05-17,Family,0,2023-05-27
51,26,Pune,MEDIUM,Premium,2021-09-26,Young Professional,0,2021-10-06
52,20,Hyderabad,MEDIUM,Standard,2022-10-26,Student,0,2022-11-05
53,43,Delhi,MEDIUM,Premium,2025-01-11,Family,0,2025-01-21
54,24,Kolkata,LOW,Standard,2022-11-21,Young Professional,0,2022-12-01
55,56,Hyderabad,PREMIUM,Elite,2023-09-05,Family,0,2023-09-15
56,74,Bangalore,LOW,Standard,2025-01-07,Senior,0,2025-01-17
57,59,Mumbai,LOW,Standard,2025-01-14,Family,0,2025-01-24
58,74,Bangalore,MEDIUM,Standard,2023-01-08,Senior,0,2023-01-18
59,65,Hyderabad,PREMIUM,Elite,2024-03-11,Senior,0,2024-03-21
60,72,Bangalore,MEDIUM,Premium,2022-05-11,Senior,0,2022-05-21
61,33,Bangalore,HIGH,Premium,2025-01-06,Young Professional,0,2025-01-16
62,50,Kolkata,MEDIUM,Premium,2023-10-29,Family,0,2023-11-08
63,53,Mumbai,HIGH,Premium,2024-09-26,Family,1,2024-10-06
64,42,Kolkata,MEDIUM,Premium,2022-12-06,Family,0,2022-12-16
65,35,Chennai,MEDIUM,Standard,2022-03-08,Family,0,2022-03-18
66,58,Chennai,LOW,Standard,2023-03-29,Family,0,2023-04-08
67,65,Delhi,HIGH,Elite,2021-07-22,Senior,0,2021-08-01
68,34,Delhi,MEDIUM,Standard,2023-07-20,Young Professional,0,2023-07-30
69,68,Bangalore,MEDIUM,Premium,2022-07-27,Senior,0,2022-08-06
70,55,Bangalore,PREMIUM,Elite,2023-11-22,Family,0,2023-12-02
71,44,Pune,MEDIUM,Standard,2021-11-14,Family,0,2021-11-24
72,45,Chennai,MEDIUM,Premium,2024-03-11,Family,0,2024-03-21
73,65,Pune,LOW,Standard,2023-12-08,Senior,0,2023-12-18
74,34,Ahmedabad,PREMIUM,Elite,2024-12-31,Young Professional,0,2025-01-10
75,70,Delhi,HIGH,Premium,2022-07-12,Senior,0,2022-07-22
76,66,Chennai,MEDIUM,Standard,2023-10-09,Senior,0,2023-10-19
77,50,Kolkata,LOW,Standard,2024-09-27,Family,0,2024-10-07
78,40,Chennai,LOW,Standard,2021-09-29,Family,0,2021-10-09
79,42,Mumbai,MEDIUM,Standard,2023-11-19,Family,0,2023-11-29
80,57,Mumbai,LOW,Standard,2023-09-20,Family,0,2023-09-30
81,39,Delhi,MEDIUM,Standard,2025-01-03,Family,0,2025-01-13
82,43,Kolkata,HIGH,Premium,2021-07-21,Family,0,2021-07-31
83,65,Chennai,MEDIUM,Premium,2023-05-10,Senior,0,2023-05-20
84,67,Ahmedabad,HIGH,Premium,2023-12-30,Senior,0,2024-01-09
85,24,Bangalore,MEDIUM,Premium,2023-07-23,Young Professional,0,2023-08-02
86,25,Chennai,HIGH,Elite,2024-05-03,Young Professional,0,2024-05-13
87,68,Pune,MEDIUM,Standard,2022-05-18,Senior,0,2022-05-28
88,49,Delhi,MEDIUM,Standard,2023-02-04,Family,0,2023-02-14
89,75,Pune,MEDIUM,Premium,2022-04-15,Senior,0,2022-04-25
90,75,Pune,LOW,Standard,2023-07-26,Senior,0,2023-08-05
91,71,Ahmedabad,MEDIUM,Standard,2023-10-03,Senior,0,2023-10-13
92,70,Delhi,LOW,Standard,2025-06-02,Senior,0,2025-06-12
93,23,Pune,LOW,Standard,2023-01-05,Student,0,2023-01-15
94,52,Delhi,MEDIUM,Standard,2023-08-21,Family,0,2023-08-31
95,59,Chennai,MEDIUM,Standard,2023-08-20,Family,0,2023-08-30
96,36,Ahmedabad,MEDIUM,Standard,2021-09-06,Family,0,2021-09-16
97,70,Pune,LOW,Standard,2022-04-13,Senior,0,2022-04-23
98,70,Hyderabad,LOW,Standard,2023-09-12,Senior,0,2023-09-22
99,51,Chennai,LOW,Standard,2022-04-22,Family,0,2022-05-02
100,57,Ahmedabad,PREMIUM,Elite,2022-12-23,Family,0,2023-01-02
101,56,Mumbai,MEDIUM,Standard,2023-11-04,Family,0,2023-11-14
102,72,Delhi,LOW,Standard,2025-01-04,Senior,0,2025-01-14
103,54,Bangalore,LOW,Standard,2021-11-06,Family,0,2021-11-16
104,22,Ahmedabad,LOW,Standard,2025-03-05,Student,0,2025-03-15
105,69,Chennai,LOW,Standard,2022-12-08,Senior,0,2022-12-18
106,65,Mumbai,HIGH,Premium,2021-11-02,Senior,0,2021-11-12
107,54,Pune,MEDIUM,Standard,2024-01-02,Family,0,2024-01-12
108,53,Pune,LOW,Standard,2022-01-07,Family,1,2022-01-17
109,36,Ahmedabad,MEDIUM,Premium,2023-04-30,Family,0,2023-05-10
110,62,Pune,LOW,Standard,2023-04-07,Senior,0,2023-04-17
111,19,Bangalore,LOW,Standard,2022-12-24,Student,0,2023-01-03
112,37,Hyderabad,MEDIUM,Standard,2023-07-18,Family,0,2023-07-28
113,50,Mumbai,MEDIUM,Standard,2023-07-17,Family,0,2023-07-27
114,29,Kolkata,MEDIUM,Standard,2021-06-27,Young Professional,0,2021-07-07
115,60,Mumbai,LOW,Standard,2024-05-06,Senior,0,2024-05-16
116,63,Bangalore,LOW,Standard,2024-01-25,Senior,0,2024-02-04
117,40,Delhi,LOW,Standard,2023-04-23,Family,0,2023-05-03
118,27,Delhi,LOW,Standard,2024-04-15,Young Professional,0,2024-04-25
119,24,Chennai,LOW,Standard,2022-06-04,Young Professional,0,2022-06-14
120,53,Delhi,MEDIUM,Standard,2022-08-21,Family,0,2022-08-31
121,27,Mumbai,MEDIUM,Standard,2022-11-30,Young Professional,0,2022-12-10
122,66,Pune,HIGH,Elite,2022-10-03,Senior,0,2022-10-13
123,49,Hyderabad,MEDIUM,Standard,2022-02-09,Family,0,2022-02-19
124,29,Kolkata,MEDIUM,Standard,2024-09-01,Young Professional,0,2024-09-11
125,58,Hyderabad,MEDIUM,Premium,2025-04-06,Family,0,2025-04-16
126,42,Bangalore,MEDIUM,Premium,2023-07-09,Family,0,2023-07-19
127,53,Ahmedabad,LOW,Standard,2021-12-28,Family,0,2022-01-07
128,26,Delhi,MEDIUM,Standard,2023-06-20,Young Professional,0,2023-06-30
129,69,Ahmedabad,MEDIUM,Standard,2021-08-16,Senior,0,2021-08-26
130,22,Delhi,LOW,Standard,2022-07-24,Student,0,2022-08-03
131,38,Hyderabad,HIGH,Premium,2022-03-20,Family,0,2022-03-30
132,56,Kolkata,LOW,Standard,2022-07-07,Family,0,2022-07-17
133,31,Chennai,MEDIUM,Premium,2022-04-07,Young Professional,0,2022-04-17
134,46,Hyderabad,MEDIUM,Standard,2023-08-19,Family,0,2023-08-29
135,26,Ahmedabad,HIGH,Elite,2024-02-01,Young Professional,0,2024-02-11
136,55,Mumbai,LOW,Standard,2022-03-03,Family,0,2022-03-13
137,67,Delhi,HIGH,Premium,2022-02-05,Senior,0,2022-02-15
138,54,Hyderabad,LOW,Standard,2021-08-18,Family,0,2021-08-28
139,69,Delhi,LOW,Standard,2021-09-25,Senior,0,2021-10-05
140,21,Hyderabad,MEDIUM,Premium,2021-12-09,Student,0,2021-12-19
141,61,Chennai,MEDIUM,Premium,2025-03-08,Senior,0,2025-03-18
142,36,Chennai,LOW,Standard,2024-12-16,Family,1,2024-12-26
143,45,Ahmedabad,MEDIUM,Premium,2024-02-17,Family,0,2024-02-27
144,58,Mumbai,HIGH,Premium,2024-05-16,Family,0,2024-05-26
145,74,Pune,MEDIUM,Premium,2021-08-14,Senior,0,2021-08-24
146,50,Mumbai,LOW,Standard,2025-01-24,Family,0,2025-02-03
147,62,Kolkata,PREMIUM,Elite,2023-03-15,Senior,0,2023-03-25
148,71,Hyderabad,PREMIUM,Elite,2023-05-05,Senior,0,2023-05-15
149,52,Ahmedabad,MEDIUM,Premium,2021-07-12,Family,0,2021-07-22
150,66,Mumbai,MEDIUM,Standard,2021-06-29,Senior,0,2021-07-09
151,71,Delhi,MEDIUM,Standard,2023-08-21,Senior,0,2023-08-31
152,28,Mumbai,LOW,Standard,2023-06-02,Young Professional,0,2023-06-12
153,55,Bangalore,MEDIUM,Premium,2023-08-09,Family,0,2023-08-19
154,75,Bangalore,LOW,Standard,2025-03-09,Senior,0,2025-03-19
155,67,Hyderabad,LOW,Standard,2023-01-20,Senior,0,2023-01-30
156,44,Mumbai,MEDIUM,Premium,2022-03-26,Family,0,2022-04-05
157,70,Chennai,HIGH,Premium,2023-06-06,Senior,0,2023-06-16
158,30,Delhi,PREMIUM,Elite,2021-12-08,Young Professional,0,2021-12-18
159,68,Pune,HIGH,Premium,2024-03-14,Senior,0,2024-03-24
160,47,Chennai,HIGH,Premium,2023-01-12,Family,0,2023-01-22
161,73,Bangalore,MEDIUM,Premium,2022-06-14,Senior,0,2022-06-24
162,64,Mumbai,LOW,Standard,2023-02-05,Senior,0,2023-02-15
163,42,Kolkata,PREMIUM,Elite,2023-04-04,Family,0,2023-04-14
164,50,Chennai,MEDIUM,Premium,2022-05-11,Family,0,2022-05-21
165,38,Bangalore,LOW,Standard,2024-01-06,Family,0,2024-01-16
166,22,Pune,PREMIUM,Elite,2023-04-28,Student,0,2023-05-08
167,54,Ahmedabad,HIGH,Premium,2023-06-24,Family,0,2023-07-04
168,34,Chennai,LOW,Standard,2024-03-07,Young Professional,0,2024-03-17
169,68,Kolkata,LOW,Standard,2024-03-15,Senior,0,2024-03-25
170,49,Chennai,LOW,Standard,2025-03-04,Family,0,2025-03-14
171,43,Mumbai,MEDIUM,Standard,2024-03-26,Family,0,2024-04-05
172,67,Pune,HIGH,Elite,2022-06-25,Senior,0,2022-07-05
173,47,Hyderabad,HIGH,Premium,2024-05-02,Family,0,2024-05-12
174,64,Hyderabad,MEDIUM,Premium,2022-01-01,Senior,0,2022-01-11
175,19,Pune,HIGH,Elite,2025-02-24,Student,0,2025-03-06
176,51,Mumbai,MEDIUM,Standard,2025-03-01,Family,0,2025-03-11
177,32,Hyderabad,MEDIUM,Standard,2024-03-17,Young Professional,0,2024-03-27
178,74,Hyderabad,MEDIUM,Standard,2022-09-27,Senior,0,2022-10-07
179,47,Delhi,MEDIUM,Premium,2025-03-18,Family,0,2025-03-28
180,21,Kolkata,MEDIUM,Premium,2021-07-13,Student,0,2021-07-23
181,37,Pune,MEDIUM,Standard,2023-12-09,Family,0,2023-12-19
182,19,Pune,MEDIUM,Standard,2025-04-25,Student,0,2025-05-05
183,68,Hyderabad,MEDIUM,Standard,2022-02-16,Senior,0,2022-02-26
184,28,Pune,LOW,Standard,2022-12-20,Young Professional,0,2022-12-30
185,73,Chennai,MEDIUM,Premium,2022-02-04,Senior,0,2022-02-14
186,49,Pune,LOW,Standard,2023-09-12,Family,0,2023-09-22
187,38,Kolkata,LOW,Standard,2023-10-12,Family,0,2023-10-22
188,39,Delhi,LOW,Standard,2023-09-01,Family,0,2023-09-11
189,43,Hyderabad,HIGH,Elite,2022-06-01,Family,0,2022-06-11
190,44,Kolkata,LOW,Standard,2024-10-01,Family,0,2024-10-11
191,39,Hyderabad,LOW,Standard,2024-06-22,Family,0,2024-07-02
192,65,Chennai,LOW,Standard,2022-07-23,Senior,0,2022-08-02
193,25,Pune,HIGH,Premium,2021-12-08,Young Professional,0,2021-12-18
194,64,Hyderabad,MEDIUM,Premium,2023-06-12,Senior,0,2023-06-22
195,45,Mumbai,MEDIUM,Premium,2022-01-14,Family,0,2022-01-24
196,43,Hyderabad,LOW,Standard,2021-10-10,Family,0,2021-10-20
197,20,Pune,HIGH,Elite,2023-05-19,Student,0,2023-05-29
198,62,Ahmedabad,HIGH,Elite,2023-03-24,Senior,0,2023-04-03
199,32,Ahmedabad,LOW,Standard,2024-02-08,Young Professional,0,2024-02-18
200,56,Ahmedabad,MEDIUM,Standard,2021-12-30,Family,0,2022-01-09
201,61,Delhi,LOW,Standard,2022-01-18,Senior,0,2022-01-28
202,27,Kolkata,HIGH,Premium,2025-02-18,Young Professional,0,2025-02-28
203,53,Chennai,MEDIUM,Premium,2025-05-04,Family,0,2025-05-14
204,57,Chennai,MEDIUM,Standard,2023-10-21,Family,0,2023-10-31
205,54,Bangalore,MEDIUM,Standard,2021-11-09,Family,0,2021-11-19
206,73,Mumbai,MEDIUM,Standard,2021-08-06,Senior,0,2021-08-16
207,39,Ahmedabad,LOW,Standard,2023-09-22,Family,0,2023-10-02
208,28,Ahmedabad,LOW,Standard,2024-06-22,Young Professional,0,2024-07-02
209,72,Chennai,HIGH,Elite,2022-12-21,Senior,0,2022-12-31
210,57,Ahmedabad,MEDIUM,Premium,2022-11-30,Family,0,2022-12-10
211,19,Chennai,MEDIUM,Standard,2025-03-24,Student,0,2025-04-03
212,23,Mumbai,PREMIUM,Elite,2024-01-20,Student,0,2024-01-30
213,74,Pune,HIGH,Premium,2023-06-23,Senior,0,2023-07-03
214,68,Bangalore,HIGH,Elite,2024-07-16,Senior,0,2024-07-26
215,21,Mumbai,MEDIUM,Standard,2024-10-25,Student,0,2024-11-04
216,29,Delhi,LOW,Standard,2025-03-09,Young Professional,0,2025-03-19
217,55,Bangalore,MEDIUM,Premium,2025-01-19,Family,0,2025-01-29
218,30,Kolkata,MEDIUM,Premium,2022-12-18,Young Professional,0,2022-12-28
219,27,Pune,MEDIUM,Premium,2024-12-17,Young Professional,0,2024-12-27
220,57,Bangalore,HIGH,Elite,2024-07-21,Family,0,2024-07-31
221,26,Ahmedabad,HIGH,Elite,2022-12-09,Young Professional,0,2022-12-19
222,72,Chennai,HIGH,Elite,2022-05-15,Senior,0,2022-05-25
223,61,Ahmedabad,MEDIUM,Standard,2024-05-27,Senior,0,2024-06-06
224,51,Hyderabad,LOW,Standard,2024-01-11,Family,0,2024-01-21
225,39,Delhi,LOW,Standard,2021-09-03,Family,0,2021-09-13
226,58,Chennai,HIGH,Elite,2023-04-01,Family,0,2023-04-11
227,54,Kolkata,HIGH,Elite,2021-08-04,Family,0,2021-08-14
228,21,Delhi,MEDIUM,Standard,2022-07-07,Student,0,2022-07-17
229,57,Bangalore,MEDIUM,Standard,2023-09-30,Family,0,2023-10-10
230,68,Pune,MEDIUM,Standard,2022-07-26,Senior,0,2022-08-05
231,50,Chennai,LOW,Standard,2022-01-05,Family,0,2022-01-15
232,19,Pune,MEDIUM,Premium,2025-02-23,Student,0,2025-03-05
233,68,Kolkata,MEDIUM,Premium,2023-11-06,Senior,0,2023-11-16
234,25,Pune,MEDIUM,Standard,2022-08-03,Young Professional,0,2022-08-13
235,50,Chennai,MEDIUM,Premium,2021-12-30,Family,0,2022-01-09
236,46,Pune,LOW,Standard,2022-05-13,Family,0,2022-05-23
237,44,Pune,HIGH,Elite,2021-12-07,Family,0,2021-12-17
238,19,Mumbai,HIGH,Elite,2023-01-24,Student,0,2023-02-03
239,30,Hyderabad,LOW,Standard,2024-10-22,Young Professional,0,2024-11-01
240,69,Pune,MEDIUM,Standard,2022-03-14,Senior,0,2022-03-24
241,46,Ahmedabad,LOW,Standard,2023-02-14,Family,0,2023-02-24
242,44,Hyderabad,MEDIUM,Premium,2023-05-14,Family,0,2023-05-24
243,43,Ahmedabad,LOW,Standard,2025-03-30,Family,0,2025-04-09
244,27,Pune,MEDIUM,Premium,2022-04-06,Young Professional,0,2022-04-16
245,64,Pune,LOW,Standard,2024-06-09,Senior,0,2024-06-19
246,30,Ahmedabad,LOW,Standard,2022-01-20,Young Professional,0,2022-01-30
247,64,Mumbai,HIGH,Elite,2023-07-25,Senior,0,2023-08-04
248,53,Mumbai,PREMIUM,Elite,2022-04-07,Family,0,2022-04-17
249,25,Pune,MEDIUM,Standard,2022-09-02,Young Professional,0,2022-09-12
250,75,Ahmedabad,LOW,Standard,2025-04-17,Senior,0,2025-04-27
251,57,Mumbai,HIGH,Elite,2023-04-20,Family,0,2023-04-30
252,63,Pune,LOW,Standard,2021-09-06,Senior,0,2021-09-16
253,71,Chennai,HIGH,Elite,2022-08-17,Senior,0,2022-08-27
254,72,Kolkata,LOW,Standard,2023-08-16,Senior,0,2023-08-26
255,70,Pune,MEDIUM,Premium,2021-06-08,Senior,0,2021-06-18
256,43,Pune,MEDIUM,Premium,2023-11-10,Family,0,2023-11-20
257,43,Delhi,PREMIUM,Elite,2024-05-17,Family,0,2024-05-27
258,44,Mumbai,HIGH,Premium,2023-09-06,Family,0,2023-09-16
259,61,Kolkata,PREMIUM,Elite,2022-02-17,Senior,0,2022-02-27
260,24,Delhi,LOW,Standard,2022-03-10,Young Professional,0,2022-03-20
261,60,Mumbai,MEDIUM,Standard,2025-01-02,Senior,0,2025-01-12
262,66,Chennai,LOW,Standard,2022-05-26,Senior,0,2022-06-05
263,37,Bangalore,MEDIUM,Standard,2024-02-17,Family,0,2024-02-27
264,57,Bangalore,MEDIUM,Premium,2022-03-30,Family,0,2022-04-09
265,68,Delhi,LOW,Standard,2023-06-15,Senior,0,2023-06-25
266,47,Ahmedabad,LOW,Standard,2024-04-04,Family,0,2024-04-14
267,33,Kolkata,MEDIUM,Standard,2025-05-20,Young Professional,0,2025-05-30
268,68,Delhi,MEDIUM,Standard,2024-11-25,Senior,0,2024-12-05
269,66,Hyderabad,MEDIUM,Standard,2022-11-03,Senior,0,2022-11-13
270,18,Mumbai,MEDIUM,Premium,2025-04-13,Student,0,2025-04-23
271,49,Pune,LOW,Standard,2024-12-27,Family,0,2025-01-06
272,40,Chennai,PREMIUM,Elite,2022-02-21,Family,0,2022-03-03
273,25,Chennai,LOW,Standard,2023-05-10,Young Professional,0,2023-05-20
274,40,Hyderabad,MEDIUM,Standard,2024-07-14,Family,0,2024-07-24
275,64,Mumbai,MEDIUM,Premium,2022-06-28,Senior,0,2022-07-08
276,64,Pune,HIGH,Elite,2025-03-03,Senior,0,2025-03-13
277,49,Delhi,HIGH,Elite,2024-02-02,Family,0,2024-02-12
278,69,Mumbai,MEDIUM,Premium,2024-02-24,Senior,0,2024-03-05
279,72,Ahmedabad,HIGH,Premium,2025-05-31,Senior,0,2025-06-10
280,50,Pune,LOW,Standard,2025-01-11,Family,0,2025-01-21
281,36,Ahmedabad,MEDIUM,Standard,2023-07-08,Family,0,2023-07-18
282,18,Pune,HIGH,Premium,2023-05-23,Student,0,2023-06-02
283,20,Hyderabad,MEDIUM,Premium,2024-05-07,Student,0,2024-05-17
284,54,Ahmedabad,MEDIUM,Premium,2022-12-15,Family,0,2022-12-25
285,61,Hyderabad,LOW,Standard,2023-02-04,Senior,0,2023-02-14
286,34,Chennai,HIGH,Premium,2023-09-14,Young Professional,0,2023-09-24
287,40,Hyderabad,HIGH,Elite,2023-06-17,Family,0,2023-06-27
288,34,Chennai,LOW,Standard,2023-12-03,Young Professional,0,2023-12-13
289,42,Pune,LOW,Standard,2021-11-13,Family,0,2021-11-23
290,21,Mumbai,LOW,Standard,2025-05-09,Student,0,2025-05-19
291,40,Kolkata,MEDIUM,Standard,2023-02-20,Family,0,2023-03-02
292,38,Ahmedabad,HIGH,Premium,2025-04-27,Family,0,2025-05-07
293,34,Kolkata,MEDIUM,Premium,2022-09-13,Young Professional,0,2022-09-23
294,40,Kolkata,LOW,Standard,2024-06-30,Family,0,2024-07-10
295,74,Hyderabad,LOW,Standard,2023-06-07,Senior,0,2023-06-17
296,29,Chennai,MEDIUM,Standard,2023-03-09,Young Professional,0,2023-03-19
297,62,Chennai,HIGH,Elite,2022-09-30,Senior,0,2022-10-10
298,75,Ahmedabad,MEDIUM,Standard,2025-01-28,Senior,0,2025-02-07
299,60,Ahmedabad,LOW,Standard,2023-07-15,Senior,0,2023-07-25
300,43,Ahmedabad,LOW,Standard,2021-10-26,Family,0,2021-11-05
301,53,Delhi,HIGH,Elite,2023-03-23,Family,0,2023-04-02
302,71,Chennai,MEDIUM,Premium,2023-09-23,Senior,0,2023-10-03
303,39,Chennai,HIGH,Elite,2021-11-02,Family,0,2021-11-12
304,64,Kolkata,LOW,Standard,2021-12-17,Senior,0,2021-12-27
305,62,Kolkata,LOW,Standard,2024-11-18,Senior,0,2024-11-28
306,70,Kolkata,MEDIUM,Premium,2024-08-15,Senior,0,2024-08-25
307,42,Ahmedabad,HIGH,Elite,2025-04-26,Family,0,2025-05-06
308,52,Hyderabad,HIGH,Elite,2022-01-01,Family,1,2022-01-11
309,68,Chennai,LOW,Standard,2023-01-23,Senior,0,2023-02-02
310,54,Chennai,LOW,Standard,2023-03-13,Family,0,2023-03-23
311,27,Delhi,MEDIUM,Standard,2025-05-26,Young Professional,0,2025-06-05
312,41,Chennai,HIGH,Premium,2023-08-16,Family,0,2023-08-26
313,54,Ahmedabad,MEDIUM,Premium,2023-06-28,Family,0,2023-07-08
314,35,Hyderabad,MEDIUM,Standard,2024-02-04,Family,0,2024-02-14
315,64,Chennai,LOW,Standard,2022-08-02,Senior,0,2022-08-12
316,40,Chennai,MEDIUM,Premium,2022-05-24,Family,0,2022-06-03
317,31,Bangalore,LOW,Standard,2025-01-21,Young Professional,0,2025-01-31
318,25,Mumbai,PREMIUM,Elite,2023-06-11,Young Professional,0,2023-06-21
319,48,Hyderabad,HIGH,Premium,2022-11-15,Family,0,2022-11-25
320,59,Mumbai,MEDIUM,Premium,2022-03-12,Family,0,2022-03-22
321,61,Bangalore,LOW,Standard,2022-05-12,Senior,0,2022-05-22
322,60,Delhi,MEDIUM,Standard,2024-12-06,Senior,0,2024-12-16
323,56,Hyderabad,MEDIUM,Premium,2024-01-27,Family,0,2024-02-06
324,39,Ahmedabad,MEDIUM,Premium,2023-06-16,Family,0,2023-06-26
325,62,Kolkata,MEDIUM,Standard,2022-12-26,Senior,0,2023-01-05
326,52,Mumbai,HIGH,Elite,2024-04-19,Family,1,2024-04-29
327,30,Ahmedabad,MEDIUM,Standard,2021-06-28,Young Professional,0,2021-07-08
328,56,Delhi,LOW,Standard,2025-05-09,Family,0,2025-05-19
329,46,Ahmedabad,LOW,Standard,2023-05-21,Family,0,2023-05-31
330,73,Mumbai,LOW,Standard,2024-05-26,Senior,0,2024-06-05
331,42,Bangalore,MEDIUM,Premium,2024-07-02,Family,0,2024-07-12
332,47,Delhi,LOW,Standard,2021-06-15,Family,0,2021-06-25
333,47,Delhi,HIGH,Elite,2025-01-12,Family,0,2025-01-22
334,42,Chennai,LOW,Standard,2022-11-01,Family,0,2022-11-11
335,26,Ahmedabad,LOW,Standard,2021-09-08,Young Professional,0,2021-09-18
336,75,Hyderabad,HIGH,Elite,2022-11-11,Senior,0,2022-11-21
337,56,Hyderabad,HIGH,Premium,2021-10-20,Family,0,2021-10-30
338,30,Delhi,PREMIUM,Elite,2023-11-21,Young Professional,0,2023-12-01
339,25,Chennai,PREMIUM,Elite,2021-10-12,Young Professional,0,2021-10-22
340,62,Delhi,LOW,Standard,2022-05-03,Senior,0,2022-05-13
341,43,Chennai,LOW,Standard,2024-01-18,Family,0,2024-01-28
342,23,Delhi,HIGH,Premium,2025-04-14,Student,0,2025-04-24
343,66,Mumbai,MEDIUM,Premium,2022-07-29,Senior,0,2022-08-08
344,59,Ahmedabad,MEDIUM,Premium,2023-02-08,Family,0,2023-02-18
345,41,Hyderabad,HIGH,Premium,2023-04-18,Family,0,2023-04-28
346,64,Chennai,LOW,Standard,2023-11-05,Senior,0,2023-11-15
347,51,Hyderabad,MEDIUM,Premium,2022-10-29,Family,0,2022-11-08
348,45,Delhi,MEDIUM,Standard,2022-02-04,Family,0,2022-02-14
349,29,Hyderabad,LOW,Standard,2025-04-28,Young Professional,0,2025-05-08
350,28,Pune,LOW,Standard,2022-09-27,Young Professional,0,2022-10-07
351,55,Chennai,LOW,Standard,2022-02-23,Family,0,2022-03-05
352,23,Hyderabad,PREMIUM,Elite,2022-10-08,Student,0,2022-10-18
353,30,Delhi,HIGH,Premium,2022-07-09,Young Professional,0,2022-07-19
354,46,Bangalore,PREMIUM,Elite,2021-09-29,Family,0,2021-10-09
355,51,Hyderabad,MEDIUM,Premium,2021-11-02,Family,0,2021-11-12
356,36,Delhi,HIGH,Elite,2025-03-07,Family,0,2025-03-17
357,65,Hyderabad,HIGH,Elite,2024-06-09,Senior,0,2024-06-19
358,70,Hyderabad,MEDIUM,Premium,2024-11-28,Senior,0,2024-12-08
359,24,Ahmedabad,HIGH,Premium,2023-11-28,Young Professional,0,2023-12-08
360,68,Mumbai,HIGH,Elite,2024-04-07,Senior,0,2024-04-17
361,60,Kolkata,LOW,Standard,2025-03-17,Senior,0,2025-03-27
362,31,Mumbai,HIGH,Premium,2024-08-16,Young Professional,0,2024-08-26
363,30,Chennai,MEDIUM,Standard,2022-04-27,Young Professional,0,2022-05-07
364,57,Hyderabad,LOW,Standard,2023-07-08,Family,1,2023-07-18
365,62,Bangalore,HIGH,Elite,2021-09-26,Senior,0,2021-10-06
366,24,Ahmedabad,MEDIUM,Premium,2022-01-06,Young Professional,0,2022-01-16
367,45,Bangalore,MEDIUM,Premium,2022-01-08,Family,0,2022-01-18
368,39,Ahmedabad,PREMIUM,Elite,2024-02-09,Family,0,2024-02-19
369,44,Ahmedabad,LOW,Standard,2023-12-31,Family,0,2024-01-10
370,27,Pune,MEDIUM,Premium,2025-05-16,Young Professional,0,2025-05-26
371,35,Kolkata,HIGH,Premium,2023-07-04,Family,0,2023-07-14
372,29,Bangalore,HIGH,Elite,2022-01-03,Young Professional,0,2022-01-13
373,29,Pune,LOW,Standard,2022-12-13,Young Professional,0,2022-12-23
374,64,Hyderabad,MEDIUM,Premium,2022-11-03,Senior,0,2022-11-13
375,40,Mumbai,MEDIUM,Premium,2021-06-14,Family,0,2021-06-24
376,21,Delhi,MEDIUM,Premium,2024-05-06,Student,0,2024-05-16
377,32,Hyderabad,HIGH,Elite,2025-01-01,Young Professional,0,2025-01-11
378,49,Delhi,LOW,Standard,2022-10-07,Family,0,2022-10-17
379,28,Mumbai,LOW,Standard,2023-02-09,Young Professional,0,2023-02-19
380,73,Pune,MEDIUM,Standard,2025-05-17,Senior,0,2025-05-27
381,54,Chennai,MEDIUM,Premium,2021-07-27,Family,0,2021-08-06
382,75,Ahmedabad,HIGH,Elite,2022-03-09,Senior,0,2022-03-19
383,66,Mumbai,MEDIUM,Standard,2021-11-20,Senior,0,2021-11-30
384,44,Hyderabad,PREMIUM,Elite,2024-04-03,Family,0,2024-04-13
385,46,Hyderabad,HIGH,Elite,2023-10-25,Family,0,2023-11-04
386,67,Ahmedabad,HIGH,Premium,2024-05-16,Senior,0,2024-05-26
387,61,Mumbai,LOW,Standard,2024-05-25,Senior,0,2024-06-04
388,63,Bangalore,MEDIUM,Premium,2023-06-04,Senior,0,2023-06-14
389,34,Mumbai,MEDIUM,Premium,2024-01-03,Young Professional,0,2024-01-13
390,74,Delhi,LOW,Standard,2023-06-12,Senior,0,2023-06-22
391,70,Delhi,MEDIUM,Premium,2023-11-01,Senior,0,2023-11-11
392,30,Delhi,LOW,Standard,2024-09-06,Young Professional,0,2024-09-16
393,35,Ahmedabad,MEDIUM,Premium,2023-10-09,Family,0,2023-10-19
394,28,Hyderabad,MEDIUM,Premium,2023-03-29,Young Professional,0,2023-04-08
395,58,Ahmedabad,LOW,Standard,2024-11-05,Family,0,2024-11-15
396,58,Chennai,LOW,Standard,2022-12-31,Family,0,2023-01-10
397,32,Bangalore,MEDIUM,Premium,2022-05-24,Young Professional,0,2022-06-03
398,50,Chennai,MEDIUM,Standard,2024-10-08,Family,0,2024-10-18
399,19,Delhi,MEDIUM,Premium,2023-10-27,Student,0,2023-11-06
400,39,Pune,MEDIUM,Premium,2022-03-05,Family,0,2022-03-15
401,63,Hyderabad,MEDIUM,Standard,2025-01-15,Senior,0,2025-01-25
402,72,Hyderabad,MEDIUM,Premium,2024-07-25,Senior,0,2024-08-04
403,23,Ahmedabad,MEDIUM,Standard,2022-06-06,Student,0,2022-06-16
404,49,Ahmedabad,LOW,Standard,2023-06-22,Family,0,2023-07-02
405,67,Kolkata,MEDIUM,Premium,2022-05-26,Senior,0,2022-06-05
406,24,Pune,MEDIUM,Premium,2024-11-11,Young Professional,0,2024-11-21
407,75,Kolkata,HIGH,Premium,2022-12-25,Senior,0,2023-01-04
408,58,Chennai,LOW,Standard,2025-05-24,Family,0,2025-06-03
409,71,Chennai,MEDIUM,Premium,2022-12-11,Senior,0,2022-12-21
410,68,Mumbai,LOW,Standard,2023-05-19,Senior,0,2023-05-29
411,25,Ahmedabad,HIGH,Elite,2024-08-02,Young Professional,0,2024-08-12
412,68,Pune,LOW,Standard,2022-12-06,Senior,0,2022-12-16
413,54,Ahmedabad,PREMIUM,Elite,2023-01-16,Family,0,2023-01-26
414,45,Bangalore,LOW,Standard,2025-05-03,Family,0,2025-05-13
415,71,Delhi,LOW,Standard,2024-06-19,Senior,0,2024-06-29
416,66,Delhi,HIGH,Elite,2024-12-30,Senior,0,2025-01-09
417,41,Mumbai,MEDIUM,Standard,2024-01-08,Family,0,2024-01-18
418,37,Pune,MEDIUM,Standard,2022-11-03,Family,0,2022-11-13
419,53,Delhi,LOW,Standard,2023-01-23,Family,0,2023-02-02
420,19,Hyderabad,MEDIUM,Premium,2022-11-18,Student,0,2022-11-28
421,59,Pune,PREMIUM,Elite,2024-12-03,Family,0,2024-12-13
422,29,Kolkata,MEDIUM,Premium,2023-12-25,Young Professional,0,2024-01-04
423,32,Kolkata,LOW,Standard,2023-04-05,Young Professional,0,2023-04-15
424,65,Mumbai,MEDIUM,Standard,2021-10-24,Senior,0,2021-11-03
425,31,Chennai,MEDIUM,Premium,2024-08-18,Young Professional,0,2024-08-28
426,62,Chennai,MEDIUM,Standard,2024-05-22,Senior,0,2024-06-01
427,73,Pune,MEDIUM,Standard,2022-05-26,Senior,0,2022-06-05
428,23,Delhi,MEDIUM,Premium,2025-05-10,Student,0,2025-05-20
429,54,Bangalore,LOW,Standard,2021-06-20,Family,0,2021-06-30
430,53,Mumbai,PREMIUM,Elite,2021-10-19,Family,0,2021-10-29
431,27,Kolkata,LOW,Standard,2024-09-10,Young Professional,0,2024-09-20
432,46,Hyderabad,MEDIUM,Premium,2023-01-27,Family,0,2023-02-06
433,22,Kolkata,LOW,Standard,2022-10-09,Student,0,2022-10-19
434,71,Bangalore,LOW,Standard,2022-04-19,Senior,0,2022-04-29
435,64,Pune,MEDIUM,Standard,2024-12-24,Senior,0,2025-01-03
436,73,Bangalore,HIGH,Premium,2025-01-02,Senior,0,2025-01-12
437,23,Delhi,LOW,Standard,2022-10-24,Student,0,2022-11-03
438,31,Chennai,LOW,Standard,2024-01-13,Young Professional,0,2024-01-23
439,43,Bangalore,LOW,Standard,2025-02-08,Family,0,2025-02-18
440,54,Ahmedabad,PREMIUM,Elite,2023-02-21,Family,0,2023-03-03
441,68,Ahmedabad,LOW,Standard,2024-02-03,Senior,0,2024-02-13
442,67,Mumbai,PREMIUM,Elite,2025-02-01,Senior,0,2025-02-11
443,67,Hyderabad,PREMIUM,Elite,2022-07-10,Senior,0,2022-07-20
444,64,Delhi,MEDIUM,Premium,2022-12-01,Senior,0,2022-12-11
445,37,Kolkata,LOW,Standard,2024-08-03,Family,0,2024-08-13
446,59,Pune,HIGH,Elite,2022-08-10,Family,0,2022-08-20
447,18,Ahmedabad,HIGH,Elite,2023-08-08,Student,0,2023-08-18
448,22,Chennai,PREMIUM,Elite,2022-02-24,Student,0,2022-03-06
449,72,Ahmedabad,PREMIUM,Elite,2024-04-06,Senior,0,2024-04-16
450,67,Chennai,LOW,Standard,2024-08-08,Senior,0,2024-08-18
451,29,Kolkata,LOW,Standard,2024-06-27,Young Professional,0,2024-07-07
452,50,Hyderabad,MEDIUM,Standard,2021-11-04,Family,0,2021-11-14
453,70,Pune,MEDIUM,Premium,2024-06-11,Senior,0,2024-06-21
454,45,Mumbai,LOW,Standard,2023-07-04,Family,0,2023-07-14
455,26,Ahmedabad,HIGH,Elite,2022-05-21,Young Professional,0,2022-05-31
456,26,Chennai,LOW,Standard,2022-03-12,Young Professional,0,2022-03-22
457,21,Chennai,MEDIUM,Standard,2022-05-08,Student,0,2022-05-18
458,55,Hyderabad,MEDIUM,Standard,2024-05-06,Family,0,2024-05-16
459,36,Delhi,HIGH,Premium,2021-09-08,Family,0,2021-09-18
460,24,Hyderabad,LOW,Standard,2022-06-14,Young Professional,0,2022-06-24
461,24,Mumbai,MEDIUM,Premium,2023-03-02,Young Professional,0,2023-03-12
462,50,Bangalore,LOW,Standard,2024-08-20,Family,0,2024-08-30
463,43,Hyderabad,MEDIUM,Premium,2022-10-13,Family,0,2022-10-23
464,27,Pune,HIGH,Premium,2022-08-15,Young Professional,0,2022-08-25
465,25,Chennai,MEDIUM,Standard,2024-03-10,Young Professional,0,2024-03-20
466,46,Kolkata,MEDIUM,Premium,2025-05-26,Family,0,2025-06-05
467,65,Bangalore,MEDIUM,Premium,2021-10-22,Senior,0,2021-11-01
468,60,Ahmedabad,HIGH,Elite,2021-09-26,Senior,0,2021-10-06
469,61,Kolkata,PREMIUM,Elite,2022-09-06,Senior,0,2022-09-16
470,60,Ahmedabad,LOW,Standard,2022-04-23,Senior,0,2022-05-03
471,42,Bangalore,MEDIUM,Standard,2025-04-17,Family,0,2025-04-27
472,38,Pune,MEDIUM,Premium,2023-04-12,Family,0,2023-04-22
473,21,Delhi,LOW,Standard,2024-01-30,Student,0,2024-02-09
474,64,Mumbai,MEDIUM,Premium,2022-03-27,Senior,0,2022-04-06
475,47,Delhi,HIGH,Elite,2023-10-27,Family,0,2023-11-06
476,42,Kolkata,MEDIUM,Premium,2021-11-28,Family,0,2021-12-08
477,27,Pune,HIGH,Elite,2024-12-30,Young Professional,0,2025-01-09
478,73,Delhi,HIGH,Premium,2024-03-19,Senior,0,2024-03-29
479,53,Ahmedabad,MEDIUM,Standard,2021-07-29,Family,0,2021-08-08
480,62,Kolkata,MEDIUM,Standard,2022-12-29,Senior,1,2023-01-08
481,39,Delhi,HIGH,Elite,2023-06-12,Family,0,2023-06-22
482,43,Hyderabad,LOW,Standard,2025-05-28,Family,0,2025-06-07
483,74,Delhi,HIGH,Premium,2023-11-01,Senior,0,2023-11-11
484,66,Mumbai,LOW,Standard,2021-10-29,Senior,0,2021-11-08
485,41,Hyderabad,HIGH,Elite,2022-06-19,Family,0,2022-06-29
486,42,Delhi,LOW,Standard,2022-09-18,Family,0,2022-09-28
487,22,Chennai,LOW,Standard,2024-02-10,Student,0,2024-02-20
488,50,Pune,LOW,Standard,2023-08-15,Family,0,2023-08-25
489,32,Kolkata,LOW,Standard,2022-03-11,Young Professional,0,2022-03-21
490,26,Bangalore,MEDIUM,Premium,2024-01-15,Young Professional,0,2024-01-25
491,42,Delhi,PREMIUM,Elite,2024-09-17,Family,0,2024-09-27
492,20,Pune,MEDIUM,Premium,2023-09-09,Student,0,2023-09-19
493,66,Mumbai,LOW,Standard,2021-11-11,Senior,0,2021-11-21
494,36,Chennai,MEDIUM,Premium,2022-05-08,Family,0,2022-05-18
495,56,Ahmedabad,HIGH,Premium,2025-05-02,Family,0,2025-05-12
496,50,Kolkata,MEDIUM,Standard,2025-03-26,Family,0,2025-04-05
497,23,Kolkata,MEDIUM,Premium,2023-06-30,Student,0,2023-07-10
498,19,Mumbai,MEDIUM,Premium,2024-04-05,Student,0,2024-04-15
499,38,Hyderabad,LOW,Standard,2025-04-01,Family,0,2025-04-11
500,75,Delhi,MEDIUM,Premium,2022-04-10,Senior,0,2022-04-20
501,19,Delhi,MEDIUM,Standard,2024-06-18,Student,0,2024-06-28
502,69,Mumbai,LOW,Standard,2024-03-11,Senior,0,2024-03-21
503,48,Kolkata,HIGH,Premium,2024-07-31,Family,0,2024-08-10
504,47,Bangalore,MEDIUM,Standard,2022-12-08,Family,1,2022-12-18
505,33,Delhi,MEDIUM,Standard,2022-10-01,Young Professional,0,2022-10-11
506,47,Chennai,LOW,Standard,2024-06-24,Family,0,2024-07-04
507,71,Kolkata,PREMIUM,Elite,2021-12-13,Senior,0,2021-12-23
508,74,Mumbai,MEDIUM,Premium,2022-05-26,Senior,0,2022-06-05
509,35,Bangalore,HIGH,Premium,2023-03-30,Family,0,2023-04-09
510,33,Hyderabad,MEDIUM,Standard,2023-05-31,Young Professional,0,2023-06-10
511,53,Delhi,MEDIUM,Standard,2025-02-13,Family,0,2025-02-23
512,58,Bangalore,LOW,Standard,2023-05-08,Family,0,2023-05-18
513,28,Kolkata,HIGH,Premium,2021-07-07,Young Professional,0,2021-07-17
514,35,Kolkata,MEDIUM,Standard,2021-06-25,Family,0,2021-07-05
515,32,Bangalore,PREMIUM,Elite,2022-05-09,Young Professional,0,2022-05-19
516,29,Mumbai,PREMIUM,Elite,2025-04-26,Young Professional,0,2025-05-06
517,62,Pune,MEDIUM,Standard,2022-01-14,Senior,0,2022-01-24
518,31,Delhi,HIGH,Elite,2022-08-11,Young Professional,0,2022-08-21
519,26,Ahmedabad,MEDIUM,Premium,2023-11-07,Young Professional,0,2023-11-17
520,52,Delhi,MEDIUM,Premium,2024-09-14,Family,0,2024-09-24
521,42,Chennai,MEDIUM,Standard,2021-11-02,Family,0,2021-11-12
522,31,Hyderabad,LOW,Standard,2024-07-06,Young Professional,0,2024-07-16
523,69,Mumbai,MEDIUM,Standard,2022-12-18,Senior,0,2022-12-28
524,70,Ahmedabad,LOW,Standard,2022-12-03,Senior,0,2022-12-13
525,42,Pune,LOW,Standard,2022-02-26,Family,0,2022-03-08
526,49,Ahmedabad,LOW,Standard,2025-03-07,Family,0,2025-03-17
527,31,Delhi,HIGH,Premium,2022-09-22,Young Professional,0,2022-10-02
528,23,Kolkata,LOW,Standard,2025-04-25,Student,0,2025-05-05
529,40,Delhi,LOW,Standard,2022-08-31,Family,0,2022-09-10
530,51,Hyderabad,MEDIUM,Premium,2023-09-04,Family,0,2023-09-14
531,67,Pune,LOW,Standard,2022-06-23,Senior,0,2022-07-03
532,40,Ahmedabad,LOW,Standard,2022-05-11,Family,0,2022-05-21
533,45,Delhi,MEDIUM,Standard,2023-01-06,Family,0,2023-01-16
534,33,Chennai,LOW,Standard,2021-12-01,Young Professional,0,2021-12-11
535,57,Ahmedabad,HIGH,Premium,2021-08-24,Family,0,2021-09-03
536,46,Pune,MEDIUM,Premium,2025-02-03,Family,0,2025-02-13
537,67,Ahmedabad,LOW,Standard,2023-05-01,Senior,0,2023-05-11
538,24,Pune,MEDIUM,Standard,2022-09-29,Young Professional,0,2022-10-09
539,54,Kolkata,MEDIUM,Premium,2024-01-14,Family,0,2024-01-24
540,44,Kolkata,MEDIUM,Premium,2023-05-27,Family,0,2023-06-06
541,27,Kolkata,MEDIUM,Standard,2021-06-21,Young Professional,0,2021-07-01
542,30,Ahmedabad,LOW,Standard,2024-10-08,Young Professional,0,2024-10-18
543,70,Delhi,HIGH,Premium,2024-12-16,Senior,0,2024-12-26
544,34,Delhi,LOW,Standard,2023-07-08,Young Professional,0,2023-07-18
545,38,Delhi,HIGH,Elite,2024-12-06,Family,0,2024-12-16
546,21,Bangalore,HIGH,Premium,2023-09-22,Student,0,2023-10-02
547,57,Kolkata,HIGH,Premium,2021-06-08,Family,0,2021-06-18
548,59,Pune,HIGH,Elite,2024-05-06,Family,0,2024-05-16
549,34,Pune,MEDIUM,Standard,2024-04-08,Young Professional,0,2024-04-18
550,65,Hyderabad,LOW,Standard,2022-08-08,Senior,0,2022-08-18
551,57,Kolkata,MEDIUM,Standard,2023-06-23,Family,0,2023-07-03
552,25,Chennai,HIGH,Premium,2024-11-19,Young Professional,0,2024-11-29
553,34,Ahmedabad,LOW,Standard,2023-02-02,Young Professional,0,2023-02-12
554,22,Delhi,HIGH,Elite,2024-03-15,Student,0,2024-03-25
555,25,Kolkata,LOW,Standard,2025-03-12,Young Professional,0,2025-03-22
556,62,Hyderabad,HIGH,Premium,2023-08-13,Senior,0,2023-08-23
557,37,Pune,HIGH,Premium,2024-06-06,Family,0,2024-06-16
558,69,Hyderabad,HIGH,Premium,2021-07-23,Senior,0,2021-08-02
559,68,Bangalore,LOW,Standard,2021-11-30,Senior,0,2021-12-10
560,71,Hyderabad,HIGH,Elite,2021-10-02,Senior,0,2021-10-12
561,64,Kolkata,LOW,Standard,2022-01-10,Senior,0,2022-01-20
562,25,Bangalore,HIGH,Premium,2022-11-29,Young Professional,0,2022-12-09
563,32,Pune,LOW,Standard,2021-08-01,Young Professional,0,2021-08-11
564,58,Bangalore,MEDIUM,Standard,2024-05-25,Family,0,2024-06-04
565,67,Delhi,MEDIUM,Standard,2023-08-25,Senior,0,2023-09-04
566,19,Pune,MEDIUM,Premium,2024-12-29,Student,0,2025-01-08
567,49,Ahmedabad,MEDIUM,Premium,2022-01-04,Family,0,2022-01-14
568,32,Bangalore,LOW,Standard,2021-07-12,Young Professional,0,2021-07-22
569,42,Hyderabad,MEDIUM,Premium,2023-02-12,Family,0,2023-02-22
570,42,Delhi,LOW,Standard,2024-04-19,Family,0,2024-04-29
571,61,Bangalore,LOW,Standard,2023-07-22,Senior,1,2023-08-01
572,38,Mumbai,LOW,Standard,2022-01-08,Family,0,2022-01-18
573,66,Hyderabad,LOW,Standard,2022-11-07,Senior,0,2022-11-17
574,30,Pune,LOW,Standard,2024-08-09,Young Professional,0,2024-08-19
575,24,Ahmedabad,LOW,Standard,2024-11-16,Young Professional,0,2024-11-26
576,39,Hyderabad,PREMIUM,Elite,2023-12-21,Family,0,2023-12-31
577,30,Delhi,LOW,Standard,2023-12-14,Young Professional,0,2023-12-24
578,69,Pune,HIGH,Premium,2021-07-07,Senior,0,2021-07-17
579,30,Hyderabad,MEDIUM,Premium,2024-04-12,Young Professional,0,2024-04-22
580,73,Hyderabad,MEDIUM,Standard,2025-05-19,Senior,0,2025-05-29
581,47,Chennai,HIGH,Elite,2021-08-16,Family,0,2021-08-26
582,54,Mumbai,LOW,Standard,2024-06-10,Family,0,2024-06-20
583,25,Chennai,LOW,Standard,2021-11-30,Young Professional,0,2021-12-10
584,21,Chennai,LOW,Standard,2022-01-06,Student,0,2022-01-16
585,51,Hyderabad,LOW,Standard,2022-08-08,Family,0,2022-08-18
586,63,Kolkata,MEDIUM,Standard,2022-11-27,Senior,0,2022-12-07
587,65,Mumbai,HIGH,Elite,2024-01-24,Senior,0,2024-02-03
588,59,Pune,HIGH,Premium,2023-11-19,Family,0,2023-11-29
589,31,Bangalore,LOW,Standard,2021-06-26,Young Professional,0,2021-07-06
590,37,Chennai,MEDIUM,Premium,2022-08-27,Family,0,2022-09-06
591,36,Delhi,PREMIUM,Elite,2025-01-26,Family,0,2025-02-05
592,21,Mumbai,HIGH,Elite,2023-12-19,Student,0,2023-12-29
593,43,Mumbai,MEDIUM,Premium,2023-03-08,Family,0,2023-03-18
594,38,Delhi,LOW,Standard,2022-11-08,Family,0,2022-11-18
595,74,Pune,MEDIUM,Premium,2024-09-07,Senior,0,2024-09-17
596,21,Pune,MEDIUM,Premium,2024-07-06,Student,0,2024-07-16
597,69,Delhi,MEDIUM,Premium,2023-05-03,Senior,0,2023-05-13
598,47,Mumbai,HIGH,Elite,2024-12-30,Family,0,2025-01-09
599,36,Bangalore,MEDIUM,Premium,2024-11-08,Family,0,2024-11-18
600,62,Kolkata,HIGH,Premium,2021-10-08,Senior,0,2021-10-18
601,48,Pune,HIGH,Premium,2025-05-19,Family,0,2025-05-29
602,53,Chennai,LOW,Standard,2025-02-14,Family,0,2025-02-24
603,35,Pune,MEDIUM,Standard,2022-04-27,Family,0,2022-05-07
604,64,Pune,PREMIUM,Elite,2022-08-22,Senior,0,2022-09-01
605,50,Kolkata,MEDIUM,Standard,2021-12-01,Family,0,2021-12-11
606,64,Kolkata,LOW,Standard,2025-03-21,Senior,0,2025-03-31
607,56,Delhi,MEDIUM,Standard,2021-07-14,Family,0,2021-07-24
608,69,Chennai,MEDIUM,Premium,2025-04-18,Senior,0,2025-04-28
609,60,Kolkata,LOW,Standard,2024-09-26,Senior,0,2024-10-06
610,23,Chennai,MEDIUM,Standard,2023-11-22,Student,0,2023-12-02
611,59,Bangalore,HIGH,Elite,2022-11-28,Family,0,2022-12-08
612,46,Chennai,MEDIUM,Standard,2025-04-19,Family,0,2025-04-29
613,22,Bangalore,HIGH,Premium,2021-12-01,Student,0,2021-12-11
614,56,Bangalore,MEDIUM,Premium,2023-09-05,Family,0,2023-09-15
615,53,Ahmedabad,HIGH,Elite,2022-02-17,Family,0,2022-02-27
616,61,Kolkata,LOW,Standard,2022-09-26,Senior,0,2022-10-06
617,47,Bangalore,LOW,Standard,2023-09-28,Family,0,2023-10-08
618,45,Delhi,LOW,Standard,2022-01-10,Family,0,2022-01-20
619,27,Ahmedabad,LOW,Standard,2022-02-17,Young Professional,0,2022-02-27
620,42,Hyderabad,HIGH,Premium,2023-02-17,Family,0,2023-02-27
621,73,Kolkata,LOW,Standard,2024-09-30,Senior,0,2024-10-10
622,38,Hyderabad,MEDIUM,Premium,2022-06-09,Family,0,2022-06-19
623,35,Ahmedabad,HIGH,Premium,2022-01-27,Family,0,2022-02-06
624,32,Mumbai,HIGH,Elite,2021-06-18,Young Professional,0,2021-06-28
625,73,Hyderabad,LOW,Standard,2021-10-09,Senior,0,2021-10-19
626,38,Delhi,LOW,Standard,2022-04-09,Family,0,2022-04-19
627,54,Ahmedabad,MEDIUM,Standard,2024-06-01,Family,0,2024-06-11
628,29,Ahmedabad,MEDIUM,Standard,2024-04-08,Young Professional,0,2024-04-18
629,70,Kolkata,LOW,Standard,2024-02-03,Senior,0,2024-02-13
630,39,Bangalore,MEDIUM,Standard,2023-10-23,Family,0,2023-11-02
631,51,Ahmedabad,MEDIUM,Standard,2025-04-25,Family,0,2025-05-05
632,39,Kolkata,MEDIUM,Standard,2022-10-15,Family,0,2022-10-25
633,51,Bangalore,MEDIUM,Standard,2023-02-05,Family,0,2023-02-15
634,39,Chennai,HIGH,Elite,2022-06-13,Family,0,2022-06-23
635,33,Ahmedabad,MEDIUM,Standard,2023-09-09,Young Professional,0,2023-09-19
636,29,Kolkata,LOW,Standard,2021-10-28,Young Professional,0,2021-11-07
637,27,Hyderabad,PREMIUM,Elite,2024-10-07,Young Professional,0,2024-10-17
638,49,Pune,LOW,Standard,2023-12-23,Family,0,2024-01-02
639,21,Mumbai,HIGH,Elite,2024-11-05,Student,1,2024-11-15
640,57,Delhi,HIGH,Elite,2023-09-18,Family,0,2023-09-28
641,44,Delhi,PREMIUM,Elite,2023-07-28,Family,0,2023-08-07
642,43,Hyderabad,MEDIUM,Premium,2025-04-02,Family,0,2025-04-12
643,20,Bangalore,PREMIUM,Elite,2022-05-13,Student,0,2022-05-23
644,52,Delhi,LOW,Standard,2021-06-08,Family,0,2021-06-18
645,67,Kolkata,LOW,Standard,2023-06-29,Senior,0,2023-07-09
646,73,Pune,LOW,Standard,2025-05-30,Senior,0,2025-06-09
647,45,Delhi,HIGH,Elite,2024-02-08,Family,0,2024-02-18
648,72,Pune,MEDIUM,Premium,2024-10-12,Senior,0,2024-10-22
649,59,Bangalore,MEDIUM,Standard,2021-11-23,Family,0,2021-12-03
650,33,Pune,HIGH,Elite,2024-09-21,Young Professional,0,2024-10-01
651,60,Mumbai,PREMIUM,Elite,2022-11-21,Senior,0,2022-12-01
652,72,Hyderabad,LOW,Standard,2023-10-03,Senior,0,2023-10-13
653,65,Chennai,LOW,Standard,2024-09-20,Senior,0,2024-09-30
654,63,Ahmedabad,LOW,Standard,2023-12-11,Senior,0,2023-12-21
655,28,Chennai,MEDIUM,Standard,2022-08-02,Young Professional,0,2022-08-12
656,62,Bangalore,PREMIUM,Elite,2023-08-07,Senior,0,2023-08-17
657,21,Hyderabad,PREMIUM,Elite,2024-10-03,Student,0,2024-10-13
658,22,Mumbai,MEDIUM,Premium,2024-06-19,Student,0,2024-06-29
659,37,Bangalore,HIGH,Elite,2021-08-01,Family,0,2021-08-11
660,52,Bangalore,LOW,Standard,2024-09-15,Family,0,2024-09-25
661,67,Bangalore,LOW,Standard,2021-08-06,Senior,0,2021-08-16
662,64,Ahmedabad,MEDIUM,Standard,2024-03-07,Senior,0,2024-03-17
663,51,Pune,HIGH,Elite,2023-10-28,Family,0,2023-11-07
664,43,Chennai,LOW,Standard,2025-01-02,Family,0,2025-01-12
665,50,Hyderabad,LOW,Standard,2023-12-09,Family,0,2023-12-19
666,64,Chennai,LOW,Standard,2022-06-04,Senior,0,2022-06-14
667,65,Hyderabad,MEDIUM,Premium,2024-09-07,Senior,0,2024-09-17
668,28,Chennai,HIGH,Elite,2022-11-19,Young Professional,0,2022-11-29
669,33,Ahmedabad,LOW,Standard,2024-02-10,Young Professional,0,2024-02-20
670,45,Hyderabad,MEDIUM,Premium,2024-03-10,Family,0,2024-03-20
671,18,Pune,HIGH,Premium,2023-02-03,Student,0,2023-02-13
672,20,Chennai,MEDIUM,Standard,2025-01-15,Student,0,2025-01-25
673,52,Hyderabad,HIGH,Premium,2022-11-01,Family,0,2022-11-11
674,31,Ahmedabad,PREMIUM,Elite,2021-07-13,Young Professional,0,2021-07-23
675,52,Delhi,LOW,Standard,2022-01-23,Family,0,2022-02-02
676,50,Hyderabad,HIGH,Premium,2024-10-31,Family,0,2024-11-10
677,44,Bangalore,MEDIUM,Premium,2023-11-27,Family,0,2023-12-07
678,53,Ahmedabad,MEDIUM,Standard,2023-07-06,Family,0,2023-07-16
679,47,Pune,HIGH,Premium,2023-10-20,Family,1,2023-10-30
680,57,Chennai,HIGH,Elite,2025-01-04,Family,0,2025-01-14
681,39,Kolkata,HIGH,Premium,2025-03-16,Family,0,2025-03-26
682,20,Pune,HIGH,Premium,2024-08-27,Student,1,2024-09-06
683,24,Pune,MEDIUM,Premium,2022-06-06,Young Professional,0,2022-06-16
684,72,Chennai,MEDIUM,Premium,2023-04-12,Senior,0,2023-04-22
685,31,Delhi,LOW,Standard,2023-08-01,Young Professional,0,2023-08-11
686,47,Chennai,LOW,Standard,2023-08-04,Family,0,2023-08-14
687,42,Kolkata,HIGH,Premium,2023-03-09,Family,0,2023-03-19
688,31,Kolkata,HIGH,Premium,2025-03-31,Young Professional,0,2025-04-10
689,19,Bangalore,MEDIUM,Standard,2022-04-13,Student,0,2022-04-23
690,33,Hyderabad,LOW,Standard,2023-01-08,Young Professional,0,2023-01-18
691,29,Bangalore,MEDIUM,Premium,2024-01-30,Young Professional,0,2024-02-09
692,38,Ahmedabad,LOW,Standard,2021-11-15,Family,0,2021-11-25
693,61,Delhi,LOW,Standard,2022-01-29,Senior,0,2022-02-08
694,21,Hyderabad,HIGH,Premium,2024-02-11,Student,0,2024-02-21
695,18,Bangalore,LOW,Standard,2024-06-29,Student,0,2024-07-09
696,29,Delhi,PREMIUM,Elite,2024-12-15,Young Professional,0,2024-12-25
697,58,Chennai,MEDIUM,Premium,2023-03-10,Family,0,2023-03-20
698,57,Delhi,PREMIUM,Elite,2024-01-19,Family,0,2024-01-29
699,21,Chennai,MEDIUM,Premium,2024-06-24,Student,0,2024-07-04
700,39,Ahmedabad,HIGH,Premium,2023-11-06,Family,0,2023-11-16
701,19,Delhi,LOW,Standard,2024-06-25,Student,0,2024-07-05
702,18,Mumbai,LOW,Standard,2021-11-29,Student,0,2021-12-09
703,35,Bangalore,MEDIUM,Premium,2023-04-19,Family,0,2023-04-29
704,44,Pune,LOW,Standard,2021-08-03,Family,0,2021-08-13
705,74,Kolkata,MEDIUM,Standard,2023-05-16,Senior,0,2023-05-26
706,31,Pune,MEDIUM,Standard,2023-05-20,Young Professional,0,2023-05-30
707,66,Delhi,MEDIUM,Premium,2022-09-13,Senior,0,2022-09-23
708,66,Delhi,LOW,Standard,2023-11-30,Senior,0,2023-12-10
709,50,Pune,MEDIUM,Premium,2024-07-01,Family,0,2024-07-11
710,59,Mumbai,LOW,Standard,2024-05-21,Family,0,2024-05-31
711,41,Kolkata,LOW,Standard,2023-12-02,Family,0,2023-12-12
712,38,Mumbai,MEDIUM,Premium,2024-12-06,Family,0,2024-12-16
713,30,Delhi,MEDIUM,Premium,2022-12-13,Young Professional,0,2022-12-23
714,63,Chennai,LOW,Standard,2022-03-03,Senior,0,2022-03-13
715,29,Kolkata,HIGH,Premium,2022-10-24,Young Professional,0,2022-11-03
716,29,Mumbai,MEDIUM,Premium,2021-10-21,Young Professional,0,2021-10-31
717,45,Kolkata,HIGH,Premium,2024-01-04,Family,0,2024-01-14
718,63,Ahmedabad,LOW,Standard,2022-09-06,Senior,0,2022-09-16
719,66,Bangalore,MEDIUM,Standard,2023-02-08,Senior,0,2023-02-18
720,21,Delhi,MEDIUM,Premium,2023-09-07,Student,0,2023-09-17
721,54,Mumbai,LOW,Standard,2024-04-21,Family,0,2024-05-01
722,66,Chennai,LOW,Standard,2021-08-05,Senior,0,2021-08-15
723,58,Chennai,PREMIUM,Elite,2022-10-22,Family,0,2022-11-01
724,27,Kolkata,MEDIUM,Premium,2021-11-25,Young Professional,0,2021-12-05
725,68,Pune,PREMIUM,Elite,2021-08-06,Senior,0,2021-08-16
726,20,Hyderabad,HIGH,Premium,2023-08-10,Student,0,2023-08-20
727,46,Chennai,LOW,Standard,2021-09-02,Family,0,2021-09-12
728,34,Kolkata,MEDIUM,Standard,2024-09-12,Young Professional,0,2024-09-22
729,18,Kolkata,LOW,Standard,2022-09-25,Student,0,2022-10-05
730,66,Delhi,LOW,Standard,2022-11-29,Senior,0,2022-12-09
731,74,Pune,LOW,Standard,2024-09-03,Senior,0,2024-09-13
732,35,Ahmedabad,MEDIUM,Premium,2021-06-15,Family,0,2021-06-25
733,70,Kolkata,HIGH,Premium,2022-07-19,Senior,0,2022-07-29
734,51,Ahmedabad,MEDIUM,Premium,2024-11-24,Family,0,2024-12-04
735,32,Kolkata,HIGH,Elite,2025-05-15,Young Professional,0,2025-05-25
736,65,Delhi,LOW,Standard,2022-04-22,Senior,0,2022-05-02
737,50,Delhi,MEDIUM,Premium,2021-11-01,Family,0,2021-11-11
738,54,Bangalore,MEDIUM,Premium,2024-04-12,Family,0,2024-04-22
739,18,Kolkata,PREMIUM,Elite,2022-01-28,Student,0,2022-02-07
740,45,Delhi,LOW,Standard,2022-09-04,Family,0,2022-09-14
741,28,Hyderabad,MEDIUM,Premium,2023-11-09,Young Professional,0,2023-11-19
742,51,Ahmedabad,HIGH,Elite,2022-01-26,Family,0,2022-02-05
743,48,Bangalore,MEDIUM,Premium,2021-06-10,Family,0,2021-06-20
744,73,Kolkata,PREMIUM,Elite,2025-03-24,Senior,0,2025-04-03
745,43,Mumbai,LOW,Standard,2024-06-09,Family,0,2024-06-19
746,59,Pune,MEDIUM,Premium,2024-09-18,Family,0,2024-09-28
747,32,Mumbai,MEDIUM,Standard,2024-02-08,Young Professional,0,2024-02-18
748,54,Pune,PREMIUM,Elite,2022-07-14,Family,0,2022-07-24
749,21,Bangalore,PREMIUM,Elite,2024-11-18,Student,0,2024-11-28
750,30,Bangalore,MEDIUM,Premium,2023-09-08,Young Professional,0,2023-09-18
751,62,Mumbai,PREMIUM,Elite,2021-11-13,Senior,0,2021-11-23
752,54,Delhi,MEDIUM,Standard,2023-08-03,Family,0,2023-08-13
753,70,Kolkata,HIGH,Elite,2022-11-03,Senior,0,2022-11-13
754,51,Pune,LOW,Standard,2023-05-07,Family,0,2023-05-17
755,63,Bangalore,MEDIUM,Premium,2024-08-11,Senior,0,2024-08-21
756,21,Kolkata,MEDIUM,Premium,2021-11-11,Student,0,2021-11-21
757,30,Ahmedabad,MEDIUM,Standard,2025-01-19,Young Professional,0,2025-01-29
758,34,Bangalore,HIGH,Elite,2025-02-23,Young Professional,0,2025-03-05
759,41,Pune,MEDIUM,Premium,2024-12-24,Family,0,2025-01-03
760,25,Hyderabad,LOW,Standard,2023-08-20,Young Professional,0,2023-08-30
761,71,Delhi,LOW,Standard,2025-04-04,Senior,0,2025-04-14
762,51,Bangalore,HIGH,Elite,2022-03-31,Family,0,2022-04-10
763,71,Pune,HIGH,Premium,2024-02-17,Senior,0,2024-02-27
764,73,Hyderabad,LOW,Standard,2023-11-27,Senior,0,2023-12-07
765,23,Ahmedabad,LOW,Standard,2025-01-11,Student,0,2025-01-21
766,61,Hyderabad,MEDIUM,Premium,2023-01-25,Senior,0,2023-02-04
767,72,Chennai,MEDIUM,Standard,2022-05-08,Senior,0,2022-05-18
768,41,Bangalore,MEDIUM,Standard,2023-06-23,Family,0,2023-07-03
769,68,Ahmedabad,MEDIUM,Standard,2022-10-07,Senior,0,2022-10-17
770,45,Ahmedabad,HIGH,Premium,2023-04-27,Family,0,2023-05-07
771,52,Kolkata,LOW,Standard,2021-09-23,Family,0,2021-10-03
772,62,Delhi,MEDIUM,Premium,2023-01-08,Senior,0,2023-01-18
773,25,Hyderabad,LOW,Standard,2021-09-29,Young Professional,0,2021-10-09
774,30,Bangalore,PREMIUM,Elite,2024-08-24,Young Professional,0,2024-09-03
775,67,Chennai,MEDIUM,Standard,2021-09-03,Senior,0,2021-09-13
776,20,Chennai,MEDIUM,Standard,2024-07-22,Student,0,2024-08-01
777,33,Chennai,HIGH,Elite,2023-07-12,Young Professional,0,2023-07-22
778,47,Mumbai,LOW,Standard,2025-05-19,Family,0,2025-05-29
779,43,Kolkata,HIGH,Elite,2021-09-25,Family,1,2021-10-05
780,20,Bangalore,HIGH,Premium,2025-05-13,Student,0,2025-05-23
781,32,Delhi,LOW,Standard,2023-08-29,Young Professional,0,2023-09-08
782,26,Pune,HIGH,Elite,2023-12-08,Young Professional,0,2023-12-18
783,57,Pune,MEDIUM,Premium,2023-03-28,Family,0,2023-04-07
784,21,Delhi,MEDIUM,Standard,2021-08-25,Student,0,2021-09-04
785,25,Kolkata,LOW,Standard,2024-12-01,Young Professional,0,2024-12-11
786,49,Ahmedabad,LOW,Standard,2025-03-16,Family,0,2025-03-26
787,33,Kolkata,MEDIUM,Standard,2024-05-28,Young Professional,0,2024-06-07
788,33,Bangalore,MEDIUM,Standard,2024-07-20,Young Professional,0,2024-07-30
789,30,Pune,MEDIUM,Standard,2024-01-16,Young Professional,0,2024-01-26
790,20,Delhi,HIGH,Premium,2022-10-07,Student,0,2022-10-17
791,72,Hyderabad,PREMIUM,Elite,2023-06-05,Senior,0,2023-06-15
792,56,Bangalore,LOW,Standard,2021-12-28,Family,0,2022-01-07
793,30,Chennai,MEDIUM,Premium,2022-06-26,Young Professional,0,2022-07-06
794,42,Hyderabad,LOW,Standard,2024-07-05,Family,0,2024-07-15
795,49,Hyderabad,MEDIUM,Standard,2022-08-08,Family,0,2022-08-18
796,71,Hyderabad,LOW,Standard,2024-12-29,Senior,0,2025-01-08
797,67,Hyderabad,HIGH,Premium,2022-08-30,Senior,0,2022-09-09
798,32,Bangalore,MEDIUM,Standard,2023-07-05,Young Professional,0,2023-07-15
799,40,Bangalore,HIGH,Elite,2022-08-06,Family,0,2022-08-16
800,31,Mumbai,HIGH,Premium,2024-06-18,Young Professional,0,2024-06-28
801,58,Delhi,HIGH,Premium,2022-09-20,Family,0,2022-09-30
802,46,Hyderabad,LOW,Standard,2022-05-14,Family,0,2022-05-24
803,34,Pune,LOW,Standard,2023-03-12,Young Professional,0,2023-03-22
804,23,Ahmedabad,LOW,Standard,2022-12-31,Student,0,2023-01-10
805,45,Hyderabad,LOW,Standard,2023-11-08,Family,0,2023-11-18
806,26,Chennai,HIGH,Elite,2024-04-05,Young Professional,0,2024-04-15
807,35,Hyderabad,HIGH,Elite,2025-01-17,Family,0,2025-01-27
808,23,Delhi,MEDIUM,Standard,2023-07-17,Student,0,2023-07-27
809,75,Bangalore,LOW,Standard,2022-11-21,Senior,0,2022-12-01
810,42,Pune,HIGH,Elite,2022-12-14,Family,0,2022-12-24
811,38,Ahmedabad,HIGH,Premium,2022-08-05,Family,0,2022-08-15
812,41,Kolkata,HIGH,Premium,2024-04-02,Family,0,2024-04-12
813,26,Kolkata,LOW,Standard,2022-10-02,Young Professional,0,2022-10-12
814,54,Kolkata,LOW,Standard,2022-05-09,Family,0,2022-05-19
815,56,Bangalore,MEDIUM,Premium,2021-08-28,Family,0,2021-09-07
816,35,Delhi,MEDIUM,Premium,2024-10-23,Family,0,2024-11-02
817,24,Chennai,HIGH,Elite,2024-11-09,Young Professional,0,2024-11-19
818,53,Delhi,HIGH,Elite,2023-08-28,Family,0,2023-09-07
819,28,Ahmedabad,HIGH,Premium,2022-05-10,Young Professional,0,2022-05-20
820,62,Bangalore,LOW,Standard,2023-04-23,Senior,0,2023-05-03
821,35,Mumbai,HIGH,Elite,2024-07-16,Family,0,2024-07-26
822,38,Pune,MEDIUM,Premium,2023-03-08,Family,0,2023-03-18
823,53,Chennai,LOW,Standard,2024-10-15,Family,0,2024-10-25
824,74,Kolkata,HIGH,Elite,2025-04-14,Senior,0,2025-04-24
825,61,Chennai,LOW,Standard,2023-11-27,Senior,0,2023-12-07
826,55,Ahmedabad,MEDIUM,Premium,2023-01-21,Family,0,2023-01-31
827,52,Ahmedabad,MEDIUM,Premium,2025-02-16,Family,0,2025-02-26
828,29,Ahmedabad,MEDIUM,Standard,2023-12-14,Young Professional,0,2023-12-24
829,53,Delhi,LOW,Standard,2023-01-31,Family,0,2023-02-10
830,37,Ahmedabad,MEDIUM,Standard,2023-04-15,Family,0,2023-04-25
831,57,Chennai,LOW,Standard,2024-12-14,Family,0,2024-12-24
832,51,Mumbai,LOW,Standard,2021-07-23,Family,1,2021-08-02
833,70,Hyderabad,MEDIUM,Premium,2025-04-13,Senior,0,2025-04-23
834,69,Ahmedabad,MEDIUM,Premium,2025-05-26,Senior,1,2025-06-05
835,60,Mumbai,MEDIUM,Standard,2022-10-08,Senior,0,2022-10-18
836,64,Pune,MEDIUM,Standard,2024-12-29,Senior,0,2025-01-08
837,50,Hyderabad,MEDIUM,Premium,2022-07-04,Family,0,2022-07-14
838,21,Pune,HIGH,Elite,2024-02-04,Student,0,2024-02-14
839,51,Mumbai,MEDIUM,Premium,2022-05-31,Family,0,2022-06-10
840,61,Mumbai,LOW,Standard,2022-05-06,Senior,0,2022-05-16
841,22,Kolkata,MEDIUM,Premium,2022-10-01,Student,0,2022-10-11
842,32,Delhi,MEDIUM,Premium,2024-09-02,Young Professional,0,2024-09-12
843,43,Ahmedabad,LOW,Standard,2024-06-10,Family,0,2024-06-20
844,42,Delhi,HIGH,Premium,2021-10-21,Family,0,2021-10-31
845,30,Delhi,HIGH,Elite,2021-08-23,Young Professional,0,2021-09-02
846,48,Kolkata,MEDIUM,Premium,2024-02-02,Family,0,2024-02-12
847,64,Kolkata,PREMIUM,Elite,2024-11-03,Senior,0,2024-11-13
848,74,Chennai,HIGH,Elite,2024-02-04,Senior,0,2024-02-14
849,43,Mumbai,LOW,Standard,2025-06-02,Family,0,2025-06-12
850,58,Mumbai,MEDIUM,Standard,2022-11-04,Family,0,2022-11-14
851,51,Kolkata,LOW,Standard,2022-04-18,Family,0,2022-04-28
852,22,Ahmedabad,MEDIUM,Standard,2023-10-18,Student,0,2023-10-28
853,31,Bangalore,MEDIUM,Premium,2022-01-07,Young Professional,0,2022-01-17
854,47,Kolkata,HIGH,Premium,2024-01-04,Family,0,2024-01-14
855,60,Pune,MEDIUM,Premium,2024-07-11,Senior,0,2024-07-21
856,28,Kolkata,MEDIUM,Premium,2024-09-08,Young Professional,0,2024-09-18
857,65,Hyderabad,MEDIUM,Premium,2022-05-20,Senior,0,2022-05-30
858,29,Mumbai,LOW,Standard,2024-09-06,Young Professional,0,2024-09-16
859,72,Kolkata,LOW,Standard,2025-01-04,Senior,1,2025-01-14
860,61,Pune,HIGH,Elite,2025-02-02,Senior,0,2025-02-12
861,60,Mumbai,MEDIUM,Premium,2023-02-10,Senior,0,2023-02-20
862,72,Hyderabad,MEDIUM,Standard,2024-06-10,Senior,0,2024-06-20
863,49,Mumbai,MEDIUM,Premium,2023-02-25,Family,0,2023-03-07
864,34,Bangalore,LOW,Standard,2023-05-15,Young Professional,0,2023-05-25
865,39,Bangalore,MEDIUM,Standard,2024-04-12,Family,1,2024-04-22
866,54,Mumbai,MEDIUM,Standard,2022-03-15,Family,0,2022-03-25
867,60,Chennai,LOW,Standard,2024-12-19,Senior,0,2024-12-29
868,19,Ahmedabad,MEDIUM,Premium,2022-11-06,Student,0,2022-11-16
869,54,Pune,LOW,Standard,2024-06-23,Family,0,2024-07-03
870,30,Pune,LOW,Standard,2023-05-29,Young Professional,0,2023-06-08
871,73,Pune,PREMIUM,Elite,2023-12-09,Senior,0,2023-12-19
872,49,Mumbai,MEDIUM,Standard,2024-07-15,Family,0,2024-07-25
873,37,Chennai,LOW,Standard,2021-08-24,Family,0,2021-09-03
874,31,Ahmedabad,MEDIUM,Premium,2023-07-23,Young Professional,0,2023-08-02
875,37,Kolkata,MEDIUM,Standard,2022-05-28,Family,0,2022-06-07
876,67,Ahmedabad,PREMIUM,Elite,2025-01-04,Senior,0,2025-01-14
877,69,Kolkata,LOW,Standard,2024-07-27,Senior,0,2024-08-06
878,58,Ahmedabad,LOW,Standard,2022-02-06,Family,0,2022-02-16
879,51,Chennai,MEDIUM,Premium,2023-06-05,Family,0,2023-06-15
880,28,Hyderabad,MEDIUM,Standard,2023-08-16,Young Professional,0,2023-08-26
881,43,Hyderabad,HIGH,Elite,2022-05-01,Family,0,2022-05-11
882,64,Chennai,PREMIUM,Elite,2025-01-04,Senior,0,2025-01-14
883,38,Kolkata,HIGH,Elite,2023-04-08,Family,0,2023-04-18
884,32,Kolkata,MEDIUM,Premium,2022-05-01,Young Professional,0,2022-05-11
885,58,Hyderabad,LOW,Standard,2025-02-15,Family,0,2025-02-25
886,45,Pune,MEDIUM,Premium,2024-02-18,Family,0,2024-02-28
887,32,Kolkata,HIGH,Premium,2023-07-01,Young Professional,0,2023-07-11
888,44,Hyderabad,HIGH,Premium,2024-11-30,Family,0,2024-12-10
889,46,Hyderabad,HIGH,Premium,2022-08-14,Family,0,2022-08-24
890,74,Kolkata,MEDIUM,Premium,2022-02-18,Senior,0,2022-02-28
891,40,Hyderabad,PREMIUM,Elite,2023-01-26,Family,0,2023-02-05
892,58,Chennai,LOW,Standard,2023-07-08,Family,0,2023-07-18
893,54,Hyderabad,HIGH,Elite,2023-07-28,Family,0,2023-08-07
894,55,Bangalore,LOW,Standard,2024-11-07,Family,0,2024-11-17
895,68,Chennai,LOW,Standard,2023-02-14,Senior,0,2023-02-24
896,53,Mumbai,HIGH,Premium,2021-09-09,Family,0,2021-09-19
897,47,Chennai,MEDIUM,Standard,2023-12-18,Family,0,2023-12-28
898,68,Delhi,LOW,Standard,2021-08-01,Senior,0,2021-08-11
899,64,Kolkata,HIGH,Elite,2024-01-20,Senior,0,2024-01-30
900,71,Delhi,MEDIUM,Standard,2023-05-16,Senior,0,2023-05-26
901,72,Mumbai,MEDIUM,Standard,2022-01-28,Senior,0,2022-02-07
902,51,Pune,HIGH,Elite,2024-01-03,Family,0,2024-01-13
903,49,Ahmedabad,LOW,Standard,2024-01-19,Family,0,2024-01-29
904,65,Hyderabad,LOW,Standard,2025-01-05,Senior,0,2025-01-15
905,54,Hyderabad,LOW,Standard,2022-02-08,Family,0,2022-02-18
906,53,Delhi,PREMIUM,Elite,2022-12-25,Family,0,2023-01-04
907,57,Mumbai,LOW,Standard,2021-06-21,Family,0,2021-07-01
908,18,Pune,LOW,Standard,2021-08-05,Student,0,2021-08-15
909,74,Mumbai,LOW,Standard,2023-05-06,Senior,0,2023-05-16
910,26,Ahmedabad,MEDIUM,Standard,2024-09-18,Young Professional,0,2024-09-28
911,70,Hyderabad,HIGH,Premium,2023-11-24,Senior,0,2023-12-04
912,64,Mumbai,MEDIUM,Premium,2024-11-27,Senior,0,2024-12-07
913,20,Delhi,MEDIUM,Premium,2022-05-10,Student,0,2022-05-20
914,21,Hyderabad,MEDIUM,Premium,2023-02-07,Student,0,2023-02-17
915,52,Ahmedabad,LOW,Standard,2023-03-04,Family,0,2023-03-14
916,51,Ahmedabad,MEDIUM,Premium,2023-06-10,Family,0,2023-06-20
917,36,Chennai,HIGH,Premium,2022-09-18,Family,0,2022-09-28
918,36,Kolkata,MEDIUM,Standard,2024-08-28,Family,0,2024-09-07
919,57,Ahmedabad,LOW,Standard,2023-08-18,Family,0,2023-08-28
920,60,Bangalore,HIGH,Premium,2022-05-15,Senior,0,2022-05-25
921,40,Kolkata,MEDIUM,Premium,2022-07-27,Family,0,2022-08-06
922,54,Chennai,LOW,Standard,2022-01-24,Family,0,2022-02-03
923,20,Pune,HIGH,Elite,2022-08-27,Student,0,2022-09-06
924,35,Kolkata,LOW,Standard,2022-04-16,Family,0,2022-04-26
925,29,Pune,LOW,Standard,2024-07-11,Young Professional,0,2024-07-21
926,29,Bangalore,MEDIUM,Standard,2022-05-13,Young Professional,0,2022-05-23
927,45,Ahmedabad,MEDIUM,Premium,2025-02-09,Family,0,2025-02-19
928,50,Chennai,LOW,Standard,2025-05-19,Family,0,2025-05-29
929,19,Hyderabad,LOW,Standard,2024-03-12,Student,0,2024-03-22
930,37,Chennai,MEDIUM,Premium,2024-11-04,Family,0,2024-11-14
931,36,Hyderabad,HIGH,Elite,2023-05-09,Family,0,2023-05-19
932,41,Hyderabad,LOW,Standard,2023-06-24,Family,0,2023-07-04
933,25,Hyderabad,LOW,Standard,2024-11-17,Young Professional,0,2024-11-27
934,23,Chennai,MEDIUM,Standard,2021-07-02,Student,0,2021-07-12
935,22,Delhi,LOW,Standard,2024-04-08,Student,0,2024-04-18
936,66,Hyderabad,MEDIUM,Standard,2022-08-23,Senior,0,2022-09-02
937,51,Pune,MEDIUM,Premium,2024-11-11,Family,0,2024-11-21
938,41,Delhi,MEDIUM,Premium,2025-05-16,Family,0,2025-05-26
939,72,Kolkata,LOW,Standard,2023-08-08,Senior,0,2023-08-18
940,37,Chennai,LOW,Standard,2022-10-31,Family,0,2022-11-10
941,36,Ahmedabad,MEDIUM,Standard,2024-06-05,Family,0,2024-06-15
942,70,Ahmedabad,LOW,Standard,2022-04-06,Senior,0,2022-04-16
943,27,Pune,MEDIUM,Premium,2021-08-31,Young Professional,0,2021-09-10
944,58,Chennai,MEDIUM,Standard,2022-06-20,Family,0,2022-06-30
945,46,Delhi,LOW,Standard,2023-10-21,Family,0,2023-10-31
946,27,Kolkata,MEDIUM,Standard,2021-10-07,Young Professional,0,2021-10-17
947,65,Delhi,LOW,Standard,2021-12-13,Senior,0,2021-12-23
948,51,Chennai,MEDIUM,Standard,2024-08-27,Family,0,2024-09-06
949,62,Bangalore,MEDIUM,Premium,2023-03-13,Senior,0,2023-03-23
950,36,Ahmedabad,PREMIUM,Elite,2021-06-24,Family,0,2021-07-04
951,63,Chennai,LOW,Standard,2024-09-18,Senior,0,2024-09-28
952,34,Delhi,MEDIUM,Premium,2025-04-14,Young Professional,0,2025-04-24
953,69,Mumbai,HIGH,Elite,2022-04-13,Senior,0,2022-04-23
954,64,Bangalore,LOW,Standard,2024-05-24,Senior,0,2024-06-03
955,43,Ahmedabad,PREMIUM,Elite,2023-01-29,Family,0,2023-02-08
956,74,Ahmedabad,MEDIUM,Premium,2024-11-07,Senior,0,2024-11-17
957,56,Mumbai,LOW,Standard,2025-01-07,Family,0,2025-01-17
958,69,Hyderabad,LOW,Standard,2023-06-01,Senior,0,2023-06-11
959,22,Chennai,LOW,Standard,2023-03-28,Student,0,2023-04-07
960,67,Mumbai,HIGH,Elite,2021-10-08,Senior,0,2021-10-18
961,33,Kolkata,LOW,Standard,2021-10-18,Young Professional,0,2021-10-28
962,35,Mumbai,HIGH,Premium,2024-09-05,Family,0,2024-09-15
963,30,Ahmedabad,HIGH,Premium,2024-05-16,Young Professional,0,2024-05-26
964,18,Hyderabad,LOW,Standard,2023-10-13,Student,0,2023-10-23
965,68,Bangalore,HIGH,Premium,2023-06-17,Senior,0,2023-06-27
966,23,Pune,HIGH,Elite,2024-08-16,Student,0,2024-08-26
967,45,Pune,PREMIUM,Elite,2023-12-06,Family,0,2023-12-16
968,73,Pune,HIGH,Elite,2023-04-29,Senior,0,2023-05-09
969,60,Delhi,MEDIUM,Standard,2023-05-27,Senior,0,2023-06-06
970,53,Kolkata,MEDIUM,Standard,2021-09-17,Family,0,2021-09-27
971,51,Bangalore,MEDIUM,Premium,2024-01-12,Family,0,2024-01-22
972,74,Bangalore,LOW,Standard,2022-01-16,Senior,0,2022-01-26
973,60,Mumbai,MEDIUM,Standard,2022-09-23,Senior,0,2022-10-03
974,72,Hyderabad,HIGH,Elite,2022-11-16,Senior,0,2022-11-26
975,18,Pune,PREMIUM,Elite,2021-09-11,Student,0,2021-09-21
976,22,Chennai,HIGH,Premium,2023-01-29,Student,0,2023-02-08
977,24,Ahmedabad,HIGH,Elite,2024-08-08,Young Professional,0,2024-08-18
978,52,Bangalore,HIGH,Elite,2022-04-11,Family,0,2022-04-21
979,44,Chennai,MEDIUM,Standard,2024-09-03,Family,0,2024-09-13
980,75,Mumbai,HIGH,Elite,2025-01-05,Senior,0,2025-01-15
981,63,Mumbai,PREMIUM,Elite,2021-07-25,Senior,0,2021-08-04
982,59,Chennai,MEDIUM,Standard,2024-07-28,Family,0,2024-08-07
983,50,Delhi,MEDIUM,Standard,2023-03-01,Family,0,2023-03-11
984,68,Ahmedabad,HIGH,Premium,2022-07-10,Senior,0,2022-07-20
985,71,Chennai,HIGH,Premium,2025-03-12,Senior,0,2025-03-22
986,40,Pune,MEDIUM,Premium,2024-04-19,Family,0,2024-04-29
987,39,Chennai,LOW,Standard,2021-12-22,Family,0,2022-01-01
988,30,Mumbai,HIGH,Premium,2021-08-11,Young Professional,0,2021-08-21
989,40,Hyderabad,MEDIUM,Standard,2021-12-14,Family,1,2021-12-24
990,19,Kolkata,MEDIUM,Premium,2023-09-26,Student,0,2023-10-06
991,39,Chennai,MEDIUM,Premium,2021-06-30,Family,1,2021-07-10
992,60,Bangalore,HIGH,Premium,2024-01-25,Senior,0,2024-02-04
993,27,Pune,MEDIUM,Premium,2025-02-12,Young Professional,0,2025-02-22
994,26,Hyderabad,LOW,Standard,2022-08-07,Young Professional,0,2022-08-17
995,72,Bangalore,LOW,Standard,2022-04-13,Senior,0,2022-04-23
996,32,Ahmedabad,HIGH,Premium,2024-06-09,Young Professional,0,2024-06-19
997,64,Kolkata,HIGH,Elite,2025-05-19,Senior,0,2025-05-29
998,57,Kolkata,HIGH,Elite,2024-03-15,Family,0,2024-03-25
999,51,Pune,MEDIUM,Standard,2023-05-11,Family,0,2023-05-21
1000,46,Hyderabad,MEDIUM,Premium,2024-11-14,Family,0,2024-11-24
