open_id,customer_id,campaign_id,offer_category,opened_at,device_type
30000001,2,CAMP_HOME,home,2026-05-14 21:57:55,tablet
30000002,2,CAMP_HOME,home,2025-10-13 20:59:55,mobile
30000003,3,CAMP_HOME,home,2025-12-18 22:23:55,desktop
30000004,3,CAMP_EDUCATION,education,2026-03-24 21:18:55,tablet
30000005,4,CAMP_EDUCATION,education,2025-10-31 20:20:55,mobile
30000006,4,CAMP_HOME,home,2025-11-07 21:52:55,desktop
30000007,4,CAMP_HOME,home,2026-04-28 21:11:55,mobile
30000008,5,CAMP_HOME,home,2025-10-21 21:44:55,tablet
30000009,5,CAMP_HOME,home,2025-10-23 20:43:55,desktop
30000010,5,CAMP_HOME,home,2026-04-02 21:28:55,mobile
30000011,7,CAMP_HOME,home,2026-05-14 20:22:55,mobile
30000012,7,CAMP_HOME,home,2025-07-23 21:35:55,desktop
30000013,8,CAMP_HOME,home,2025-07-03 21:36:55,desktop
30000014,8,CAMP_EDUCATION,education,2026-04-28 19:46:55,tablet
30000015,8,CAMP_HOME,home,2025-09-02 20:58:55,mobile
30000016,9,CAMP_HOME,home,2026-05-11 20:57:55,mobile
30000017,10,CAMP_HOME,home,2025-11-06 20:09:55,tablet
30000018,10,CAMP_HOME,home,2026-03-21 20:46:55,tablet
30000019,10,CAMP_HOME,home,2025-06-27 21:02:55,mobile
30000020,11,CAMP_HOME,home,2026-03-09 20:45:55,desktop
30000021,11,CAMP_HOME,home,2026-05-05 20:37:55,mobile
30000022,12,CAMP_HOME,home,2025-12-12 21:31:55,desktop
30000023,12,CAMP_HOME,home,2026-05-20 21:19:55,tablet
30000024,12,CAMP_HOME,home,2026-06-05 20:03:55,mobile
30000025,13,CAMP_HOME,home,2025-12-10 20:18:55,tablet
30000026,13,CAMP_REWARDS,rewards,2026-04-08 19:42:55,desktop
30000027,14,CAMP_HOME,home,2026-05-11 21:41:55,desktop
30000028,14,CAMP_HOME,home,2026-03-20 21:15:55,tablet
30000029,14,CAMP_HOME,home,2025-11-02 22:03:55,tablet
30000030,14,CAMP_HOME,home,2026-05-20 21:33:55,desktop
30000031,15,CAMP_HOME,home,2026-03-23 20:37:55,tablet
30000032,15,CAMP_HOME,home,2025-10-31 20:56:55,desktop
30000033,15,CAMP_HOME,home,2026-03-05 20:18:55,tablet
30000034,15,CAMP_HOME,home,2026-05-27 21:45:55,tablet
30000035,16,CAMP_HOME,home,2025-11-01 21:54:55,desktop
30000036,16,CAMP_LIFESTYLE,lifestyle,2026-03-13 22:10:55,desktop
30000037,16,CAMP_HOME,home,2026-03-21 20:13:55,desktop
30000038,16,CAMP_HOME,home,2026-01-09 19:46:55,mobile
30000039,17,CAMP_HOME,home,2025-06-23 19:33:55,desktop
30000040,17,CAMP_HOME,home,2025-07-01 21:07:55,mobile
30000041,17,CAMP_HOME,home,2026-04-26 21:03:55,desktop
30000042,17,CAMP_HOME,home,2026-03-28 21:01:55,desktop
30000043,18,CAMP_HOME,home,2026-04-16 21:49:55,mobile
30000044,18,CAMP_HOME,home,2025-12-14 20:36:55,mobile
30000045,18,CAMP_HOME,home,2026-03-10 21:52:55,desktop
30000046,18,CAMP_HOME,home,2026-06-01 21:46:55,mobile
30000047,19,CAMP_HOME,home,2026-03-27 21:30:55,mobile
30000048,19,CAMP_HOME,home,2025-08-01 20:20:55,tablet
30000049,20,CAMP_HOME,home,2026-04-21 19:43:55,tablet
30000050,20,CAMP_HOME,home,2025-12-27 21:02:55,mobile
30000051,21,CAMP_HOME,home,2026-04-20 21:11:55,mobile
30000052,21,CAMP_HOME,home,2026-06-04 20:04:55,tablet
30000053,22,CAMP_HOME,home,2026-05-29 21:35:55,tablet
30000054,22,CAMP_HOME,home,2026-03-11 21:08:55,tablet
30000055,23,CAMP_HOME,home,2025-09-13 20:50:55,tablet
30000056,24,CAMP_LIFESTYLE,lifestyle,2026-04-02 22:26:55,tablet
30000057,24,CAMP_HOME,home,2025-10-02 21:16:55,tablet
30000058,24,CAMP_HOME,home,2026-05-02 20:43:55,desktop
30000059,24,CAMP_LIFESTYLE,lifestyle,2026-05-26 19:43:55,desktop
30000060,24,CAMP_HOME,home,2025-09-12 19:44:55,desktop
30000061,25,CAMP_HOME,home,2026-03-13 20:46:55,tablet
30000062,25,CAMP_HOME,home,2026-05-07 20:51:55,desktop
30000063,25,CAMP_HOME,home,2026-05-30 19:31:55,mobile
30000064,26,CAMP_TRAVEL,travel,2026-05-23 20:29:55,desktop
30000065,26,CAMP_HOME,home,2026-05-27 22:28:55,mobile
30000066,27,CAMP_HOME,home,2025-10-22 20:39:55,tablet
30000067,28,CAMP_HOME,home,2025-12-20 22:01:55,tablet
30000068,28,CAMP_HOME,home,2026-05-14 19:53:55,tablet
30000069,28,CAMP_HOME,home,2025-06-13 19:32:55,tablet
30000070,28,CAMP_HOME,home,2025-06-14 22:25:55,mobile
30000071,29,CAMP_HOME,home,2025-10-08 20:13:55,mobile
30000072,29,CAMP_HOME,home,2025-09-15 21:58:55,tablet
30000073,29,CAMP_HOME,home,2025-07-21 20:14:55,mobile
30000074,30,CAMP_HOME,home,2026-03-15 21:57:55,tablet
30000075,31,CAMP_HOME,home,2025-06-24 21:21:55,desktop
30000076,31,CAMP_HOME,home,2026-03-19 22:17:55,tablet
30000077,32,CAMP_LIFESTYLE,lifestyle,2025-09-07 19:40:55,tablet
30000078,33,CAMP_HOME,home,2026-02-06 22:06:55,mobile
30000079,33,CAMP_HOME,home,2026-06-01 20:16:55,mobile
30000080,34,CAMP_HOME,home,2026-03-29 21:55:55,tablet
30000081,34,CAMP_HOME,home,2026-03-16 21:05:55,desktop
30000082,34,CAMP_HOME,home,2025-11-29 22:06:55,mobile
30000083,37,CAMP_HOME,home,2025-06-21 20:23:55,desktop
30000084,37,CAMP_HOME,home,2026-05-02 19:44:55,desktop
30000085,38,CAMP_HOME,home,2026-04-16 20:28:55,tablet
30000086,38,CAMP_HOME,home,2026-03-18 22:23:55,tablet
30000087,38,CAMP_HOME,home,2026-03-25 19:45:55,tablet
30000088,38,CAMP_HOME,home,2026-01-24 21:57:55,tablet
30000089,38,CAMP_HOME,home,2026-05-28 20:00:55,desktop
30000090,40,CAMP_HOME,home,2026-01-11 22:23:55,tablet
30000091,40,CAMP_HOME,home,2026-04-21 20:06:55,mobile
30000092,40,CAMP_HOME,home,2026-03-22 20:12:55,tablet
30000093,41,CAMP_HOME,home,2026-05-11 21:45:55,tablet
30000094,41,CAMP_HOME,home,2025-07-18 22:17:55,mobile
30000095,41,CAMP_HOME,home,2026-03-24 20:34:55,desktop
30000096,42,CAMP_HOME,home,2026-04-19 19:32:55,mobile
30000097,42,CAMP_HOME,home,2026-03-15 21:58:55,mobile
30000098,42,CAMP_HOME,home,2026-02-28 20:33:55,mobile
30000099,43,CAMP_HOME,home,2025-10-02 19:53:55,desktop
30000100,43,CAMP_HOME,home,2026-03-29 21:39:55,tablet
30000101,43,CAMP_HOME,home,2026-04-04 19:34:55,tablet
30000102,44,CAMP_HOME,home,2025-09-30 21:01:55,mobile
30000103,44,CAMP_HOME,home,2025-11-26 21:49:55,desktop
30000104,44,CAMP_REWARDS,rewards,2025-09-06 20:31:55,mobile
30000105,44,CAMP_HOME,home,2025-11-20 19:52:55,desktop
30000106,44,CAMP_HOME,home,2025-07-15 20:41:55,tablet
30000107,45,CAMP_HOME,home,2026-04-05 21:38:55,desktop
30000108,45,CAMP_HOME,home,2025-12-14 21:59:55,tablet
30000109,45,CAMP_HOME,home,2026-04-06 22:12:55,desktop
30000110,45,CAMP_HOME,home,2026-04-09 20:34:55,tablet
30000111,45,CAMP_HOME,home,2026-05-03 20:27:55,desktop
30000112,45,CAMP_HOME,home,2026-04-25 20:38:55,mobile
30000113,47,CAMP_HOME,home,2026-06-04 20:42:55,mobile
30000114,47,CAMP_HOME,home,2025-11-17 19:34:55,mobile
30000115,47,CAMP_HOME,home,2026-04-27 22:12:55,desktop
30000116,48,CAMP_HOME,home,2026-04-01 20:26:55,desktop
30000117,48,CAMP_HOME,home,2026-05-28 21:35:55,desktop
30000118,48,CAMP_HOME,home,2025-10-05 22:12:55,tablet
30000119,49,CAMP_HOME,home,2025-09-25 21:59:55,tablet
30000120,49,CAMP_TRAVEL,travel,2025-10-21 20:20:55,desktop
30000121,50,CAMP_HOME,home,2025-08-30 21:44:55,tablet
30000122,50,CAMP_HOME,home,2026-05-05 19:57:55,desktop
30000123,51,CAMP_TRAVEL,travel,2026-06-05 21:00:55,tablet
30000124,51,CAMP_EDUCATION,education,2025-06-15 22:12:55,tablet
30000125,51,CAMP_TRAVEL,travel,2026-04-08 21:25:55,desktop
30000126,51,CAMP_TRAVEL,travel,2025-08-11 20:51:55,tablet
30000127,51,CAMP_TRAVEL,travel,2025-11-02 20:02:55,mobile
30000128,51,CAMP_TRAVEL,travel,2026-04-27 20:57:55,desktop
30000129,51,CAMP_TRAVEL,travel,2026-04-09 20:49:55,tablet
30000130,52,CAMP_TRAVEL,travel,2025-06-21 21:15:55,mobile
30000131,53,CAMP_TRAVEL,travel,2026-05-02 21:01:55,tablet
30000132,53,CAMP_TRAVEL,travel,2026-06-05 20:07:55,desktop
30000133,53,CAMP_TRAVEL,travel,2025-10-19 19:57:55,mobile
30000134,54,CAMP_TRAVEL,travel,2026-04-24 20:03:55,mobile
30000135,54,CAMP_TRAVEL,travel,2025-10-11 21:39:55,desktop
30000136,55,CAMP_TRAVEL,travel,2025-12-29 19:47:55,desktop
30000137,55,CAMP_TRAVEL,travel,2026-05-21 22:19:55,tablet
30000138,55,CAMP_TRAVEL,travel,2026-04-11 21:12:55,desktop
30000139,55,CAMP_TRAVEL,travel,2026-04-25 20:14:55,mobile
30000140,55,CAMP_TRAVEL,travel,2026-03-29 22:29:55,desktop
30000141,56,CAMP_TRAVEL,travel,2026-04-21 22:07:55,tablet
30000142,57,CAMP_TRAVEL,travel,2025-10-15 20:44:55,tablet
30000143,57,CAMP_TRAVEL,travel,2026-05-22 22:18:55,desktop
30000144,58,CAMP_TRAVEL,travel,2026-03-17 22:25:55,tablet
30000145,58,CAMP_TRAVEL,travel,2025-08-24 21:40:55,mobile
30000146,58,CAMP_TRAVEL,travel,2026-04-18 20:29:55,tablet
30000147,59,CAMP_TRAVEL,travel,2026-03-05 19:40:55,desktop
30000148,59,CAMP_TRAVEL,travel,2026-03-14 19:57:55,desktop
30000149,59,CAMP_TRAVEL,travel,2026-05-05 21:57:55,tablet
30000150,60,CAMP_TRAVEL,travel,2026-04-25 20:07:55,tablet
30000151,60,CAMP_TRAVEL,travel,2025-07-29 20:17:55,mobile
30000152,60,CAMP_TRAVEL,travel,2026-05-14 20:20:55,tablet
30000153,61,CAMP_TRAVEL,travel,2025-10-04 19:51:55,mobile
30000154,62,CAMP_EDUCATION,education,2026-05-30 20:39:55,desktop
30000155,64,CAMP_TRAVEL,travel,2025-12-23 21:17:55,tablet
30000156,64,CAMP_TRAVEL,travel,2026-05-10 21:03:55,mobile
30000157,65,CAMP_TRAVEL,travel,2025-11-05 22:28:55,tablet
30000158,65,CAMP_TRAVEL,travel,2025-07-22 22:27:55,desktop
30000159,65,CAMP_TRAVEL,travel,2026-04-30 19:39:55,desktop
30000160,65,CAMP_TRAVEL,travel,2026-05-27 20:03:55,mobile
30000161,65,CAMP_TRAVEL,travel,2026-04-19 20:48:55,desktop
30000162,66,CAMP_TRAVEL,travel,2026-03-19 20:29:55,desktop
30000163,66,CAMP_TRAVEL,travel,2026-03-16 20:09:55,tablet
30000164,67,CAMP_TRAVEL,travel,2026-01-04 20:30:55,mobile
30000165,67,CAMP_TRAVEL,travel,2026-03-08 20:04:55,tablet
30000166,67,CAMP_TRAVEL,travel,2025-12-30 20:50:55,tablet
30000167,67,CAMP_TRAVEL,travel,2026-05-31 20:56:55,mobile
30000168,68,CAMP_TRAVEL,travel,2026-05-12 19:58:55,mobile
30000169,69,CAMP_TRAVEL,travel,2026-01-10 21:59:55,desktop
30000170,70,CAMP_TRAVEL,travel,2025-10-28 22:13:55,tablet
30000171,70,CAMP_TRAVEL,travel,2025-07-06 21:56:55,tablet
30000172,70,CAMP_TRAVEL,travel,2026-05-29 21:06:55,mobile
30000173,71,CAMP_TRAVEL,travel,2026-06-04 21:28:55,tablet
30000174,72,CAMP_TRAVEL,travel,2026-04-12 20:58:55,mobile
30000175,72,CAMP_TRAVEL,travel,2026-04-08 21:38:55,tablet
30000176,72,CAMP_TRAVEL,travel,2025-10-20 21:39:55,desktop
30000177,72,CAMP_TRAVEL,travel,2026-03-11 20:31:55,tablet
30000178,73,CAMP_TRAVEL,travel,2025-07-29 21:16:55,tablet
30000179,73,CAMP_EDUCATION,education,2026-05-04 19:49:55,mobile
30000180,73,CAMP_TRAVEL,travel,2026-04-14 22:27:55,tablet
30000181,73,CAMP_TRAVEL,travel,2026-05-05 20:00:55,tablet
30000182,74,CAMP_TRAVEL,travel,2025-09-29 20:12:55,desktop
30000183,74,CAMP_TRAVEL,travel,2026-06-03 20:33:55,mobile
30000184,75,CAMP_TRAVEL,travel,2026-05-17 21:07:55,tablet
30000185,76,CAMP_TRAVEL,travel,2026-05-04 22:10:55,tablet
30000186,76,CAMP_TRAVEL,travel,2026-03-14 21:40:55,tablet
30000187,76,CAMP_TRAVEL,travel,2026-03-30 22:14:55,mobile
30000188,77,CAMP_TRAVEL,travel,2026-04-29 20:08:55,tablet
30000189,77,CAMP_TRAVEL,travel,2025-08-06 22:05:55,desktop
30000190,78,CAMP_TRAVEL,travel,2026-03-26 21:07:55,desktop
30000191,78,CAMP_LIFESTYLE,lifestyle,2026-02-02 22:16:55,tablet
30000192,79,CAMP_TRAVEL,travel,2026-02-19 20:39:55,tablet
30000193,79,CAMP_TRAVEL,travel,2026-01-13 21:43:55,tablet
30000194,81,CAMP_TRAVEL,travel,2026-05-07 19:32:55,mobile
30000195,82,CAMP_TRAVEL,travel,2026-04-20 21:25:55,tablet
30000196,82,CAMP_TRAVEL,travel,2026-04-12 20:00:55,tablet
30000197,82,CAMP_TRAVEL,travel,2026-03-12 20:47:55,mobile
30000198,82,CAMP_TRAVEL,travel,2025-10-10 19:44:55,tablet
30000199,83,CAMP_TRAVEL,travel,2025-07-14 21:22:55,mobile
30000200,83,CAMP_TRAVEL,travel,2025-06-11 21:13:55,desktop
30000201,84,CAMP_TRAVEL,travel,2026-05-18 21:45:55,mobile
30000202,84,CAMP_TRAVEL,travel,2025-12-26 21:30:55,mobile
30000203,84,CAMP_TRAVEL,travel,2026-04-20 20:34:55,tablet
30000204,85,CAMP_TRAVEL,travel,2026-04-30 21:18:55,desktop
30000205,85,CAMP_TRAVEL,travel,2026-03-22 20:17:55,mobile
30000206,86,CAMP_TRAVEL,travel,2025-12-30 19:39:55,mobile
30000207,86,CAMP_TRAVEL,travel,2026-03-10 22:28:55,mobile
30000208,86,CAMP_TRAVEL,travel,2025-07-21 19:49:55,desktop
30000209,88,CAMP_TRAVEL,travel,2026-03-12 22:10:55,mobile
30000210,88,CAMP_TRAVEL,travel,2026-04-09 19:55:55,tablet
30000211,88,CAMP_TRAVEL,travel,2026-04-29 20:00:55,tablet
30000212,88,CAMP_TRAVEL,travel,2025-10-11 21:26:55,desktop
30000213,89,CAMP_TRAVEL,travel,2026-02-19 22:29:55,desktop
30000214,89,CAMP_TRAVEL,travel,2026-06-03 21:17:55,tablet
30000215,89,CAMP_TRAVEL,travel,2025-08-18 20:58:55,tablet
30000216,90,CAMP_TRAVEL,travel,2026-01-06 20:24:55,tablet
30000217,91,CAMP_TRAVEL,travel,2026-03-17 20:48:55,tablet
30000218,92,CAMP_TRAVEL,travel,2025-12-28 22:29:55,desktop
30000219,92,CAMP_TRAVEL,travel,2026-03-09 20:07:55,mobile
30000220,92,CAMP_TRAVEL,travel,2025-11-06 21:18:55,mobile
30000221,92,CAMP_TRAVEL,travel,2025-06-18 20:51:55,desktop
30000222,92,CAMP_TRAVEL,travel,2025-09-27 21:30:55,mobile
30000223,93,CAMP_HOME,home,2025-10-20 20:44:55,mobile
30000224,93,CAMP_TRAVEL,travel,2026-05-07 20:38:55,tablet
30000225,93,CAMP_TRAVEL,travel,2026-03-24 20:18:55,desktop
30000226,93,CAMP_TRAVEL,travel,2026-05-12 21:56:55,mobile
30000227,94,CAMP_TRAVEL,travel,2026-05-22 21:22:55,tablet
30000228,94,CAMP_TRAVEL,travel,2026-05-12 19:55:55,mobile
30000229,94,CAMP_TRAVEL,travel,2026-05-16 21:53:55,desktop
30000230,94,CAMP_TRAVEL,travel,2026-03-10 21:44:55,tablet
30000231,94,CAMP_TRAVEL,travel,2026-06-04 19:41:55,mobile
30000232,95,CAMP_TRAVEL,travel,2026-04-22 21:22:55,tablet
30000233,95,CAMP_TRAVEL,travel,2026-04-07 21:33:55,desktop
30000234,96,CAMP_TRAVEL,travel,2025-10-25 21:30:55,mobile
30000235,96,CAMP_TRAVEL,travel,2026-03-19 22:02:55,desktop
30000236,96,CAMP_TRAVEL,travel,2026-03-09 19:52:55,desktop
30000237,98,CAMP_TRAVEL,travel,2025-08-25 20:47:55,tablet
30000238,98,CAMP_TRAVEL,travel,2025-11-13 21:07:55,mobile
30000239,99,CAMP_TRAVEL,travel,2025-11-11 22:18:55,desktop
30000240,99,CAMP_TRAVEL,travel,2025-12-04 21:45:55,desktop
30000241,99,CAMP_TRAVEL,travel,2026-03-10 21:13:55,desktop
30000242,99,CAMP_TRAVEL,travel,2026-04-28 21:49:55,mobile
30000243,99,CAMP_TRAVEL,travel,2025-08-09 22:30:55,desktop
30000244,100,CAMP_TRAVEL,travel,2026-02-02 19:47:55,tablet
30000245,100,CAMP_TRAVEL,travel,2026-04-16 20:04:55,desktop
30000246,100,CAMP_TRAVEL,travel,2026-03-22 20:25:55,tablet
30000247,101,CAMP_LIFESTYLE,lifestyle,2026-05-08 19:35:55,tablet
30000248,101,CAMP_LIFESTYLE,lifestyle,2026-03-27 20:36:55,mobile
30000249,101,CAMP_LIFESTYLE,lifestyle,2025-11-30 20:41:55,desktop
30000250,102,CAMP_LIFESTYLE,lifestyle,2025-08-24 21:44:55,desktop
30000251,102,CAMP_LIFESTYLE,lifestyle,2026-05-25 21:03:55,desktop
30000252,103,CAMP_LIFESTYLE,lifestyle,2026-04-01 21:04:55,desktop
30000253,103,CAMP_REWARDS,rewards,2026-05-13 22:05:55,tablet
30000254,104,CAMP_LIFESTYLE,lifestyle,2026-04-18 20:51:55,tablet
30000255,104,CAMP_HOME,home,2025-08-08 20:03:55,mobile
30000256,104,CAMP_LIFESTYLE,lifestyle,2025-07-20 21:33:55,desktop
30000257,104,CAMP_LIFESTYLE,lifestyle,2026-04-20 20:42:55,mobile
30000258,105,CAMP_LIFESTYLE,lifestyle,2026-04-17 21:43:55,mobile
30000259,105,CAMP_LIFESTYLE,lifestyle,2026-05-02 21:49:55,desktop
30000260,106,CAMP_LIFESTYLE,lifestyle,2025-12-08 22:09:55,tablet
30000261,106,CAMP_LIFESTYLE,lifestyle,2026-05-09 20:23:55,tablet
30000262,107,CAMP_LIFESTYLE,lifestyle,2026-01-31 19:53:55,desktop
30000263,107,CAMP_LIFESTYLE,lifestyle,2026-05-28 20:21:55,tablet
30000264,109,CAMP_LIFESTYLE,lifestyle,2025-11-21 22:25:55,desktop
30000265,110,CAMP_LIFESTYLE,lifestyle,2026-04-19 20:49:55,tablet
30000266,110,CAMP_LIFESTYLE,lifestyle,2026-02-26 22:13:55,mobile
30000267,111,CAMP_LIFESTYLE,lifestyle,2026-02-04 20:39:55,tablet
30000268,111,CAMP_LIFESTYLE,lifestyle,2026-04-28 19:49:55,desktop
30000269,112,CAMP_LIFESTYLE,lifestyle,2025-06-29 19:32:55,tablet
30000270,113,CAMP_LIFESTYLE,lifestyle,2026-03-22 20:16:55,tablet
30000271,113,CAMP_LIFESTYLE,lifestyle,2026-03-21 22:12:55,tablet
30000272,113,CAMP_LIFESTYLE,lifestyle,2026-01-31 20:56:55,tablet
30000273,113,CAMP_LIFESTYLE,lifestyle,2026-05-22 19:31:55,mobile
30000274,114,CAMP_LIFESTYLE,lifestyle,2026-05-24 19:48:55,tablet
30000275,114,CAMP_LIFESTYLE,lifestyle,2026-03-16 21:42:55,desktop
30000276,115,CAMP_LIFESTYLE,lifestyle,2026-05-14 19:39:55,tablet
30000277,116,CAMP_LIFESTYLE,lifestyle,2025-07-08 22:10:55,mobile
30000278,117,CAMP_LIFESTYLE,lifestyle,2026-04-20 20:36:55,desktop
30000279,117,CAMP_LIFESTYLE,lifestyle,2026-05-11 21:05:55,tablet
30000280,118,CAMP_LIFESTYLE,lifestyle,2026-05-03 21:34:55,desktop
30000281,118,CAMP_LIFESTYLE,lifestyle,2026-04-20 20:09:55,tablet
30000282,118,CAMP_LIFESTYLE,lifestyle,2026-04-28 20:02:55,tablet
30000283,119,CAMP_LIFESTYLE,lifestyle,2025-06-24 21:05:55,desktop
30000284,119,CAMP_EDUCATION,education,2026-04-01 19:50:55,mobile
30000285,119,CAMP_LIFESTYLE,lifestyle,2025-07-06 22:06:55,tablet
30000286,119,CAMP_LIFESTYLE,lifestyle,2025-12-20 21:21:55,desktop
30000287,119,CAMP_LIFESTYLE,lifestyle,2026-04-28 20:22:55,mobile
30000288,120,CAMP_LIFESTYLE,lifestyle,2026-05-31 20:42:55,mobile
30000289,121,CAMP_LIFESTYLE,lifestyle,2026-03-11 19:44:55,tablet
30000290,121,CAMP_LIFESTYLE,lifestyle,2025-09-17 22:26:55,mobile
30000291,121,CAMP_LIFESTYLE,lifestyle,2026-04-06 19:31:55,mobile
30000292,121,CAMP_LIFESTYLE,lifestyle,2026-04-28 21:49:55,tablet
30000293,122,CAMP_LIFESTYLE,lifestyle,2026-05-28 20:53:55,desktop
30000294,122,CAMP_LIFESTYLE,lifestyle,2026-03-08 20:42:55,mobile
30000295,122,CAMP_LIFESTYLE,lifestyle,2026-01-06 21:56:55,mobile
30000296,123,CAMP_LIFESTYLE,lifestyle,2025-08-25 20:47:55,mobile
30000297,123,CAMP_LIFESTYLE,lifestyle,2026-05-24 21:45:55,desktop
30000298,124,CAMP_LIFESTYLE,lifestyle,2026-05-22 19:33:55,mobile
30000299,124,CAMP_LIFESTYLE,lifestyle,2025-11-30 22:28:55,desktop
30000300,124,CAMP_LIFESTYLE,lifestyle,2026-03-29 22:03:55,tablet
30000301,125,CAMP_LIFESTYLE,lifestyle,2025-12-15 19:42:55,mobile
30000302,125,CAMP_LIFESTYLE,lifestyle,2026-04-18 21:49:55,tablet
30000303,126,CAMP_LIFESTYLE,lifestyle,2026-02-24 22:25:55,tablet
30000304,126,CAMP_LIFESTYLE,lifestyle,2025-07-16 21:55:55,tablet
30000305,126,CAMP_LIFESTYLE,lifestyle,2026-05-10 20:52:55,tablet
30000306,126,CAMP_LIFESTYLE,lifestyle,2025-11-21 21:00:55,desktop
30000307,126,CAMP_LIFESTYLE,lifestyle,2026-04-03 20:44:55,mobile
30000308,126,CAMP_LIFESTYLE,lifestyle,2026-02-11 22:21:55,mobile
30000309,127,CAMP_HOME,home,2026-03-30 21:16:55,tablet
30000310,127,CAMP_LIFESTYLE,lifestyle,2025-12-02 22:20:55,mobile
30000311,127,CAMP_LIFESTYLE,lifestyle,2026-04-19 21:46:55,mobile
30000312,128,CAMP_LIFESTYLE,lifestyle,2026-02-12 20:01:55,desktop
30000313,128,CAMP_LIFESTYLE,lifestyle,2026-01-27 20:51:55,tablet
30000314,128,CAMP_LIFESTYLE,lifestyle,2026-01-30 22:14:55,desktop
30000315,128,CAMP_LIFESTYLE,lifestyle,2025-10-20 22:14:55,mobile
30000316,129,CAMP_LIFESTYLE,lifestyle,2026-03-30 21:20:55,desktop
30000317,129,CAMP_LIFESTYLE,lifestyle,2026-02-24 19:38:55,desktop
30000318,129,CAMP_LIFESTYLE,lifestyle,2026-04-06 20:19:55,desktop
30000319,131,CAMP_LIFESTYLE,lifestyle,2026-05-11 22:30:55,tablet
30000320,131,CAMP_EDUCATION,education,2026-05-27 21:01:55,desktop
30000321,132,CAMP_LIFESTYLE,lifestyle,2026-03-18 22:11:55,desktop
30000322,132,CAMP_LIFESTYLE,lifestyle,2026-04-24 22:06:55,desktop
30000323,132,CAMP_LIFESTYLE,lifestyle,2025-12-13 21:12:55,tablet
30000324,133,CAMP_REWARDS,rewards,2026-04-08 20:59:55,mobile
30000325,134,CAMP_LIFESTYLE,lifestyle,2025-10-27 19:56:55,desktop
30000326,134,CAMP_LIFESTYLE,lifestyle,2026-06-05 19:46:55,desktop
30000327,134,CAMP_LIFESTYLE,lifestyle,2025-07-30 21:39:55,tablet
30000328,134,CAMP_TRAVEL,travel,2025-11-13 21:05:55,tablet
30000329,135,CAMP_LIFESTYLE,lifestyle,2026-05-25 20:02:55,tablet
30000330,135,CAMP_LIFESTYLE,lifestyle,2026-06-01 21:15:55,desktop
30000331,135,CAMP_LIFESTYLE,lifestyle,2026-05-15 22:06:55,desktop
30000332,135,CAMP_EDUCATION,education,2026-04-08 21:59:55,tablet
30000333,136,CAMP_LIFESTYLE,lifestyle,2026-05-19 19:41:55,tablet
30000334,137,CAMP_LIFESTYLE,lifestyle,2025-11-28 22:06:55,tablet
30000335,138,CAMP_LIFESTYLE,lifestyle,2026-03-24 22:00:55,mobile
30000336,138,CAMP_LIFESTYLE,lifestyle,2026-02-05 21:20:55,mobile
30000337,138,CAMP_LIFESTYLE,lifestyle,2026-03-20 22:05:55,tablet
30000338,139,CAMP_LIFESTYLE,lifestyle,2026-01-19 20:47:55,tablet
30000339,139,CAMP_HOME,home,2026-02-15 19:36:55,desktop
30000340,139,CAMP_LIFESTYLE,lifestyle,2026-05-21 20:58:55,tablet
30000341,139,CAMP_LIFESTYLE,lifestyle,2026-05-01 21:28:55,tablet
30000342,140,CAMP_LIFESTYLE,lifestyle,2025-11-29 22:30:55,tablet
30000343,140,CAMP_LIFESTYLE,lifestyle,2026-01-28 20:44:55,mobile
30000344,140,CAMP_LIFESTYLE,lifestyle,2026-05-16 20:22:55,tablet
30000345,140,CAMP_LIFESTYLE,lifestyle,2025-10-07 19:41:55,desktop
30000346,141,CAMP_LIFESTYLE,lifestyle,2025-06-14 21:03:55,tablet
30000347,141,CAMP_LIFESTYLE,lifestyle,2026-03-31 19:46:55,desktop
30000348,141,CAMP_LIFESTYLE,lifestyle,2025-06-15 20:38:55,mobile
30000349,141,CAMP_LIFESTYLE,lifestyle,2026-06-01 22:27:55,mobile
30000350,141,CAMP_LIFESTYLE,lifestyle,2026-05-20 20:53:55,mobile
30000351,143,CAMP_LIFESTYLE,lifestyle,2025-06-12 22:25:55,tablet
30000352,143,CAMP_LIFESTYLE,lifestyle,2025-08-30 21:32:55,tablet
30000353,143,CAMP_LIFESTYLE,lifestyle,2026-05-04 20:24:55,tablet
30000354,143,CAMP_LIFESTYLE,lifestyle,2026-06-05 20:40:55,mobile
30000355,143,CAMP_REWARDS,rewards,2026-04-20 21:26:55,tablet
30000356,143,CAMP_EDUCATION,education,2026-03-22 21:52:55,tablet
30000357,143,CAMP_LIFESTYLE,lifestyle,2026-03-16 21:06:55,tablet
30000358,143,CAMP_LIFESTYLE,lifestyle,2026-03-31 21:16:55,desktop
30000359,143,CAMP_LIFESTYLE,lifestyle,2026-04-30 21:08:55,mobile
30000360,144,CAMP_LIFESTYLE,lifestyle,2026-05-23 20:00:55,desktop
30000361,145,CAMP_LIFESTYLE,lifestyle,2026-03-12 20:27:55,tablet
30000362,145,CAMP_LIFESTYLE,lifestyle,2026-05-24 21:47:55,mobile
30000363,145,CAMP_LIFESTYLE,lifestyle,2026-04-28 20:35:55,mobile
30000364,145,CAMP_LIFESTYLE,lifestyle,2026-03-12 21:59:55,mobile
30000365,146,CAMP_LIFESTYLE,lifestyle,2026-03-17 19:34:55,desktop
30000366,146,CAMP_LIFESTYLE,lifestyle,2026-02-11 21:13:55,tablet
30000367,146,CAMP_LIFESTYLE,lifestyle,2026-01-14 22:00:55,mobile
30000368,146,CAMP_LIFESTYLE,lifestyle,2026-02-10 20:02:55,tablet
30000369,147,CAMP_LIFESTYLE,lifestyle,2025-08-03 21:23:55,desktop
30000370,147,CAMP_LIFESTYLE,lifestyle,2025-07-26 22:20:55,tablet
30000371,147,CAMP_EDUCATION,education,2025-10-13 20:22:55,desktop
30000372,148,CAMP_LIFESTYLE,lifestyle,2025-12-17 20:42:55,mobile
30000373,148,CAMP_LIFESTYLE,lifestyle,2026-04-17 21:53:55,mobile
30000374,149,CAMP_EDUCATION,education,2025-09-15 19:34:55,mobile
30000375,149,CAMP_LIFESTYLE,lifestyle,2025-10-12 19:45:55,desktop
30000376,149,CAMP_LIFESTYLE,lifestyle,2026-05-27 19:38:55,mobile
30000377,149,CAMP_LIFESTYLE,lifestyle,2026-06-03 21:31:55,desktop
30000378,150,CAMP_LIFESTYLE,lifestyle,2026-06-01 21:19:55,tablet
30000379,150,CAMP_LIFESTYLE,lifestyle,2026-05-08 20:59:55,mobile
30000380,150,CAMP_LIFESTYLE,lifestyle,2025-09-16 21:40:55,tablet
30000381,150,CAMP_LIFESTYLE,lifestyle,2026-06-02 20:48:55,mobile
30000382,150,CAMP_LIFESTYLE,lifestyle,2026-06-01 19:55:55,mobile
30000383,150,CAMP_LIFESTYLE,lifestyle,2025-06-18 21:03:55,desktop
30000384,152,CAMP_REWARDS,rewards,2025-08-13 22:06:55,tablet
30000385,152,CAMP_REWARDS,rewards,2025-08-20 20:10:55,mobile
30000386,152,CAMP_REWARDS,rewards,2026-05-30 21:03:55,desktop
30000387,152,CAMP_REWARDS,rewards,2026-04-03 21:52:55,desktop
30000388,152,CAMP_REWARDS,rewards,2026-04-11 20:25:55,mobile
30000389,153,CAMP_REWARDS,rewards,2025-08-19 20:18:55,mobile
30000390,153,CAMP_REWARDS,rewards,2026-04-07 21:22:55,mobile
30000391,153,CAMP_REWARDS,rewards,2025-09-21 21:36:55,tablet
30000392,153,CAMP_REWARDS,rewards,2026-03-18 21:22:55,tablet
30000393,153,CAMP_REWARDS,rewards,2026-05-03 22:13:55,desktop
30000394,154,CAMP_REWARDS,rewards,2026-05-04 22:07:55,mobile
30000395,155,CAMP_REWARDS,rewards,2025-11-10 22:18:55,tablet
30000396,155,CAMP_REWARDS,rewards,2026-05-15 19:31:55,tablet
30000397,155,CAMP_REWARDS,rewards,2026-04-20 20:17:55,desktop
30000398,156,CAMP_REWARDS,rewards,2026-05-10 21:22:55,mobile
30000399,157,CAMP_REWARDS,rewards,2026-02-17 21:57:55,desktop
30000400,157,CAMP_EDUCATION,education,2026-02-16 22:27:55,desktop
30000401,158,CAMP_LIFESTYLE,lifestyle,2026-05-12 19:43:55,tablet
30000402,158,CAMP_REWARDS,rewards,2025-08-13 21:41:55,mobile
30000403,158,CAMP_REWARDS,rewards,2026-04-13 21:04:55,mobile
30000404,158,CAMP_REWARDS,rewards,2026-03-21 21:40:55,tablet
30000405,159,CAMP_REWARDS,rewards,2026-03-09 21:25:55,mobile
30000406,159,CAMP_REWARDS,rewards,2025-11-22 21:37:55,tablet
30000407,159,CAMP_REWARDS,rewards,2026-05-18 20:00:55,desktop
30000408,159,CAMP_REWARDS,rewards,2026-05-26 19:54:55,desktop
30000409,159,CAMP_REWARDS,rewards,2025-09-13 19:34:55,tablet
30000410,160,CAMP_REWARDS,rewards,2026-04-30 20:50:55,desktop
30000411,160,CAMP_REWARDS,rewards,2026-02-02 22:03:55,desktop
30000412,161,CAMP_REWARDS,rewards,2025-06-16 20:47:55,tablet
30000413,161,CAMP_REWARDS,rewards,2026-04-20 19:49:55,mobile
30000414,161,CAMP_REWARDS,rewards,2026-05-14 22:07:55,mobile
30000415,161,CAMP_REWARDS,rewards,2026-05-23 20:23:55,desktop
30000416,162,CAMP_REWARDS,rewards,2026-05-22 21:40:55,tablet
30000417,162,CAMP_EDUCATION,education,2026-03-14 22:11:55,mobile
30000418,163,CAMP_REWARDS,rewards,2026-04-17 21:39:55,mobile
30000419,164,CAMP_REWARDS,rewards,2026-05-10 22:18:55,mobile
30000420,164,CAMP_REWARDS,rewards,2026-05-26 21:09:55,desktop
30000421,165,CAMP_REWARDS,rewards,2026-04-28 21:37:55,tablet
30000422,165,CAMP_REWARDS,rewards,2026-01-03 21:58:55,mobile
30000423,165,CAMP_REWARDS,rewards,2026-04-12 21:03:55,desktop
30000424,165,CAMP_REWARDS,rewards,2025-11-18 21:19:55,tablet
30000425,165,CAMP_REWARDS,rewards,2026-03-23 20:48:55,mobile
30000426,166,CAMP_REWARDS,rewards,2025-11-15 19:55:55,mobile
30000427,166,CAMP_REWARDS,rewards,2025-10-04 20:16:55,tablet
30000428,166,CAMP_REWARDS,rewards,2026-03-03 19:59:55,desktop
30000429,166,CAMP_REWARDS,rewards,2025-07-31 21:15:55,desktop
30000430,167,CAMP_REWARDS,rewards,2025-10-30 20:03:55,desktop
30000431,167,CAMP_REWARDS,rewards,2025-10-05 21:20:55,tablet
30000432,167,CAMP_LIFESTYLE,lifestyle,2025-06-06 21:04:55,desktop
30000433,167,CAMP_REWARDS,rewards,2026-05-19 21:30:55,tablet
30000434,167,CAMP_TRAVEL,travel,2025-12-22 21:07:55,mobile
30000435,167,CAMP_EDUCATION,education,2026-03-23 19:43:55,tablet
30000436,169,CAMP_REWARDS,rewards,2025-08-26 20:39:55,mobile
30000437,169,CAMP_REWARDS,rewards,2026-05-17 19:50:55,tablet
30000438,169,CAMP_TRAVEL,travel,2026-04-30 20:24:55,desktop
30000439,169,CAMP_REWARDS,rewards,2026-03-17 21:24:55,desktop
30000440,169,CAMP_REWARDS,rewards,2026-06-05 19:31:55,desktop
30000441,170,CAMP_REWARDS,rewards,2026-01-13 21:34:55,mobile
30000442,170,CAMP_REWARDS,rewards,2026-03-20 22:15:55,tablet
30000443,171,CAMP_REWARDS,rewards,2026-01-11 21:15:55,tablet
30000444,171,CAMP_REWARDS,rewards,2025-11-11 22:08:55,mobile
30000445,171,CAMP_REWARDS,rewards,2025-12-25 21:36:55,tablet
30000446,174,CAMP_REWARDS,rewards,2026-03-26 20:01:55,mobile
30000447,174,CAMP_REWARDS,rewards,2026-04-18 20:22:55,mobile
30000448,175,CAMP_LIFESTYLE,lifestyle,2026-03-17 21:11:55,desktop
30000449,175,CAMP_REWARDS,rewards,2025-11-27 22:27:55,mobile
30000450,175,CAMP_REWARDS,rewards,2026-04-17 19:33:55,mobile
30000451,176,CAMP_REWARDS,rewards,2025-09-01 19:33:55,desktop
30000452,176,CAMP_REWARDS,rewards,2026-03-15 21:29:55,desktop
30000453,176,CAMP_REWARDS,rewards,2026-04-04 22:02:55,mobile
30000454,177,CAMP_REWARDS,rewards,2026-05-03 21:58:55,tablet
30000455,177,CAMP_REWARDS,rewards,2026-01-28 20:37:55,desktop
30000456,179,CAMP_REWARDS,rewards,2025-12-30 20:37:55,mobile
30000457,179,CAMP_REWARDS,rewards,2025-11-01 20:43:55,mobile
30000458,180,CAMP_REWARDS,rewards,2026-06-05 20:06:55,mobile
30000459,180,CAMP_REWARDS,rewards,2026-05-11 21:05:55,tablet
30000460,181,CAMP_REWARDS,rewards,2026-04-05 20:23:55,tablet
30000461,181,CAMP_REWARDS,rewards,2026-01-10 20:05:55,mobile
30000462,181,CAMP_REWARDS,rewards,2025-12-08 21:41:55,desktop
30000463,182,CAMP_REWARDS,rewards,2026-05-06 20:20:55,mobile
30000464,182,CAMP_REWARDS,rewards,2026-03-04 22:27:55,tablet
30000465,183,CAMP_REWARDS,rewards,2026-03-09 19:53:55,desktop
30000466,183,CAMP_REWARDS,rewards,2026-05-10 21:56:55,tablet
30000467,183,CAMP_REWARDS,rewards,2025-09-17 22:05:55,desktop
30000468,185,CAMP_REWARDS,rewards,2026-03-14 20:06:55,desktop
30000469,185,CAMP_REWARDS,rewards,2026-04-18 21:34:55,tablet
30000470,185,CAMP_LIFESTYLE,lifestyle,2026-06-02 21:18:55,mobile
30000471,186,CAMP_REWARDS,rewards,2026-01-31 19:57:55,tablet
30000472,186,CAMP_REWARDS,rewards,2026-05-13 22:00:55,desktop
30000473,187,CAMP_HOME,home,2026-04-27 20:19:55,mobile
30000474,187,CAMP_REWARDS,rewards,2026-03-15 22:08:55,tablet
30000475,187,CAMP_REWARDS,rewards,2026-05-23 21:19:55,mobile
30000476,188,CAMP_REWARDS,rewards,2026-04-02 21:30:55,tablet
30000477,188,CAMP_REWARDS,rewards,2026-05-18 21:15:55,mobile
30000478,189,CAMP_REWARDS,rewards,2026-04-26 20:57:55,tablet
30000479,189,CAMP_LIFESTYLE,lifestyle,2026-03-23 21:41:55,desktop
30000480,189,CAMP_REWARDS,rewards,2025-09-15 21:02:55,mobile
30000481,190,CAMP_REWARDS,rewards,2025-08-21 21:54:55,mobile
30000482,191,CAMP_REWARDS,rewards,2026-04-02 20:12:55,tablet
30000483,191,CAMP_REWARDS,rewards,2026-06-02 21:23:55,desktop
30000484,191,CAMP_REWARDS,rewards,2026-04-04 20:51:55,tablet
30000485,192,CAMP_REWARDS,rewards,2026-03-24 20:21:55,desktop
30000486,192,CAMP_LIFESTYLE,lifestyle,2026-05-01 20:29:55,desktop
30000487,192,CAMP_REWARDS,rewards,2026-05-05 20:05:55,desktop
30000488,193,CAMP_REWARDS,rewards,2025-10-29 22:22:55,desktop
30000489,194,CAMP_REWARDS,rewards,2026-04-07 21:19:55,mobile
30000490,194,CAMP_REWARDS,rewards,2026-04-17 20:56:55,desktop
30000491,195,CAMP_REWARDS,rewards,2026-04-08 21:19:55,mobile
30000492,196,CAMP_TRAVEL,travel,2026-05-07 22:23:55,mobile
30000493,196,CAMP_REWARDS,rewards,2026-04-14 20:25:55,tablet
30000494,196,CAMP_REWARDS,rewards,2026-01-06 20:56:55,desktop
30000495,196,CAMP_REWARDS,rewards,2026-04-19 21:36:55,desktop
30000496,197,CAMP_REWARDS,rewards,2026-03-25 20:01:55,mobile
30000497,197,CAMP_REWARDS,rewards,2025-08-31 22:06:55,mobile
30000498,198,CAMP_REWARDS,rewards,2025-07-01 20:02:55,desktop
30000499,198,CAMP_REWARDS,rewards,2025-08-23 21:43:55,mobile
30000500,198,CAMP_REWARDS,rewards,2026-03-30 20:27:55,tablet
30000501,199,CAMP_REWARDS,rewards,2025-09-04 19:37:55,tablet
30000502,200,CAMP_REWARDS,rewards,2026-05-21 22:08:55,tablet
30000503,201,CAMP_EDUCATION,education,2026-03-08 20:12:55,desktop
30000504,202,CAMP_HOME,home,2026-05-04 21:46:55,tablet
30000505,202,CAMP_EDUCATION,education,2025-06-12 21:52:55,mobile
30000506,203,CAMP_EDUCATION,education,2026-03-04 22:01:55,desktop
30000507,203,CAMP_EDUCATION,education,2025-10-23 20:51:55,tablet
30000508,203,CAMP_EDUCATION,education,2026-04-16 22:07:55,desktop
30000509,203,CAMP_EDUCATION,education,2026-04-03 20:24:55,mobile
30000510,204,CAMP_EDUCATION,education,2026-03-27 20:28:55,desktop
30000511,204,CAMP_LIFESTYLE,lifestyle,2026-03-30 19:39:55,mobile
30000512,204,CAMP_LIFESTYLE,lifestyle,2025-10-28 21:24:55,desktop
30000513,205,CAMP_EDUCATION,education,2026-04-12 21:00:55,tablet
30000514,205,CAMP_EDUCATION,education,2026-03-20 21:41:55,tablet
30000515,205,CAMP_EDUCATION,education,2026-06-03 20:56:55,mobile
30000516,205,CAMP_EDUCATION,education,2026-05-23 20:05:55,tablet
30000517,205,CAMP_EDUCATION,education,2026-05-22 19:32:55,tablet
30000518,205,CAMP_EDUCATION,education,2026-04-12 22:19:55,tablet
30000519,205,CAMP_HOME,home,2026-04-06 21:00:55,desktop
30000520,206,CAMP_EDUCATION,education,2026-04-24 19:32:55,mobile
30000521,206,CAMP_EDUCATION,education,2025-08-07 20:06:55,desktop
30000522,206,CAMP_EDUCATION,education,2026-03-12 21:01:55,tablet
30000523,207,CAMP_EDUCATION,education,2026-04-27 20:54:55,tablet
30000524,207,CAMP_EDUCATION,education,2026-03-15 20:39:55,desktop
30000525,208,CAMP_EDUCATION,education,2026-05-12 19:46:55,desktop
30000526,208,CAMP_EDUCATION,education,2026-05-10 22:10:55,mobile
30000527,208,CAMP_EDUCATION,education,2025-09-08 19:41:55,tablet
30000528,208,CAMP_TRAVEL,travel,2026-04-07 22:13:55,tablet
30000529,209,CAMP_EDUCATION,education,2026-05-14 21:04:55,desktop
30000530,210,CAMP_EDUCATION,education,2025-09-05 22:13:55,desktop
30000531,210,CAMP_EDUCATION,education,2026-05-05 20:40:55,tablet
30000532,211,CAMP_EDUCATION,education,2025-11-13 22:30:55,mobile
30000533,211,CAMP_EDUCATION,education,2025-08-12 21:46:55,tablet
30000534,212,CAMP_EDUCATION,education,2026-01-12 21:18:55,desktop
30000535,212,CAMP_EDUCATION,education,2025-07-15 21:47:55,tablet
30000536,212,CAMP_EDUCATION,education,2026-02-19 21:05:55,mobile
30000537,212,CAMP_EDUCATION,education,2026-04-17 21:13:55,mobile
30000538,212,CAMP_EDUCATION,education,2026-03-12 22:19:55,desktop
30000539,212,CAMP_EDUCATION,education,2026-03-20 19:38:55,tablet
30000540,213,CAMP_HOME,home,2026-05-05 20:42:55,tablet
30000541,213,CAMP_EDUCATION,education,2026-04-20 20:19:55,tablet
30000542,213,CAMP_EDUCATION,education,2025-11-28 19:49:55,mobile
30000543,214,CAMP_EDUCATION,education,2026-05-26 19:47:55,mobile
30000544,214,CAMP_EDUCATION,education,2025-08-22 21:25:55,desktop
30000545,214,CAMP_EDUCATION,education,2026-04-18 21:03:55,tablet
30000546,214,CAMP_EDUCATION,education,2026-05-03 21:56:55,mobile
30000547,214,CAMP_EDUCATION,education,2025-10-29 19:52:55,desktop
30000548,215,CAMP_EDUCATION,education,2026-05-07 20:50:55,tablet
30000549,215,CAMP_EDUCATION,education,2026-05-05 22:12:55,tablet
30000550,216,CAMP_EDUCATION,education,2026-05-13 21:28:55,mobile
30000551,216,CAMP_EDUCATION,education,2026-02-04 22:01:55,mobile
30000552,216,CAMP_EDUCATION,education,2026-06-03 20:26:55,mobile
30000553,217,CAMP_EDUCATION,education,2026-05-23 22:27:55,desktop
30000554,217,CAMP_EDUCATION,education,2026-05-19 19:52:55,mobile
30000555,218,CAMP_EDUCATION,education,2026-05-20 21:39:55,tablet
30000556,218,CAMP_EDUCATION,education,2026-04-30 22:14:55,mobile
30000557,218,CAMP_EDUCATION,education,2026-04-24 20:58:55,tablet
30000558,219,CAMP_EDUCATION,education,2026-03-16 20:13:55,mobile
30000559,219,CAMP_EDUCATION,education,2026-03-11 22:21:55,desktop
30000560,219,CAMP_EDUCATION,education,2026-04-23 21:41:55,desktop
30000561,219,CAMP_EDUCATION,education,2026-03-15 19:42:55,mobile
30000562,219,CAMP_EDUCATION,education,2026-04-20 21:16:55,desktop
30000563,220,CAMP_EDUCATION,education,2026-06-05 20:03:55,tablet
30000564,220,CAMP_EDUCATION,education,2025-08-09 22:08:55,desktop
30000565,220,CAMP_EDUCATION,education,2026-05-15 21:12:55,tablet
30000566,220,CAMP_EDUCATION,education,2026-01-04 22:09:55,tablet
30000567,221,CAMP_EDUCATION,education,2026-01-18 21:16:55,mobile
30000568,221,CAMP_EDUCATION,education,2025-08-24 21:23:55,desktop
30000569,221,CAMP_EDUCATION,education,2026-04-09 22:28:55,mobile
30000570,222,CAMP_LIFESTYLE,lifestyle,2025-07-08 22:19:55,tablet
30000571,223,CAMP_EDUCATION,education,2026-03-12 19:32:55,mobile
30000572,223,CAMP_EDUCATION,education,2026-05-01 20:48:55,desktop
30000573,223,CAMP_EDUCATION,education,2026-03-31 21:54:55,desktop
30000574,223,CAMP_EDUCATION,education,2026-05-04 21:19:55,mobile
30000575,224,CAMP_EDUCATION,education,2026-05-07 20:11:55,tablet
30000576,224,CAMP_EDUCATION,education,2026-04-27 21:09:55,desktop
30000577,225,CAMP_EDUCATION,education,2026-04-11 19:36:55,desktop
30000578,225,CAMP_HOME,home,2026-05-13 21:22:55,tablet
30000579,225,CAMP_EDUCATION,education,2026-01-30 19:44:55,tablet
30000580,225,CAMP_EDUCATION,education,2026-05-08 21:08:55,tablet
30000581,226,CAMP_EDUCATION,education,2026-01-06 21:41:55,tablet
30000582,226,CAMP_EDUCATION,education,2026-05-08 21:07:55,tablet
30000583,227,CAMP_EDUCATION,education,2025-10-07 22:28:55,mobile
30000584,227,CAMP_EDUCATION,education,2025-07-27 21:34:55,mobile
30000585,227,CAMP_EDUCATION,education,2025-06-21 22:00:55,mobile
30000586,228,CAMP_EDUCATION,education,2026-05-07 21:30:55,tablet
30000587,228,CAMP_EDUCATION,education,2026-04-08 21:15:55,desktop
30000588,229,CAMP_EDUCATION,education,2026-02-12 21:14:55,desktop
30000589,229,CAMP_EDUCATION,education,2026-05-29 22:05:55,mobile
30000590,229,CAMP_EDUCATION,education,2026-04-19 22:14:55,desktop
30000591,229,CAMP_EDUCATION,education,2026-03-22 21:23:55,tablet
30000592,230,CAMP_EDUCATION,education,2026-03-15 21:48:55,mobile
30000593,230,CAMP_EDUCATION,education,2026-01-19 21:24:55,mobile
30000594,231,CAMP_HOME,home,2026-04-04 21:59:55,mobile
30000595,231,CAMP_EDUCATION,education,2026-03-12 22:00:55,mobile
30000596,231,CAMP_EDUCATION,education,2025-10-05 20:55:55,mobile
30000597,232,CAMP_EDUCATION,education,2026-03-21 22:05:55,tablet
30000598,232,CAMP_EDUCATION,education,2026-03-27 19:40:55,mobile
30000599,233,CAMP_EDUCATION,education,2026-05-08 20:19:55,tablet
30000600,233,CAMP_EDUCATION,education,2026-05-06 19:58:55,mobile
30000601,234,CAMP_EDUCATION,education,2026-04-22 21:45:55,desktop
30000602,234,CAMP_EDUCATION,education,2025-06-28 21:38:55,mobile
30000603,234,CAMP_EDUCATION,education,2026-05-05 19:57:55,desktop
30000604,235,CAMP_EDUCATION,education,2026-04-15 22:24:55,tablet
30000605,235,CAMP_EDUCATION,education,2025-08-24 22:00:55,mobile
30000606,235,CAMP_EDUCATION,education,2026-03-05 19:54:55,tablet
30000607,235,CAMP_EDUCATION,education,2026-04-29 19:35:55,desktop
30000608,235,CAMP_EDUCATION,education,2026-06-04 22:12:55,desktop
30000609,235,CAMP_EDUCATION,education,2025-07-19 19:37:55,desktop
30000610,235,CAMP_EDUCATION,education,2025-08-07 20:53:55,desktop
30000611,236,CAMP_EDUCATION,education,2026-06-04 22:02:55,desktop
30000612,236,CAMP_EDUCATION,education,2026-03-05 21:47:55,tablet
30000613,236,CAMP_REWARDS,rewards,2025-11-04 21:53:55,tablet
30000614,238,CAMP_EDUCATION,education,2026-04-14 21:32:55,desktop
30000615,238,CAMP_LIFESTYLE,lifestyle,2026-04-20 20:22:55,desktop
30000616,238,CAMP_EDUCATION,education,2025-06-29 21:40:55,desktop
30000617,238,CAMP_EDUCATION,education,2026-04-25 20:36:55,tablet
30000618,239,CAMP_EDUCATION,education,2026-03-23 21:16:55,mobile
30000619,239,CAMP_EDUCATION,education,2026-04-28 21:37:55,desktop
30000620,240,CAMP_EDUCATION,education,2026-04-28 20:25:55,tablet
30000621,242,CAMP_EDUCATION,education,2026-03-20 22:05:55,desktop
30000622,243,CAMP_EDUCATION,education,2025-08-31 19:33:55,desktop
30000623,243,CAMP_EDUCATION,education,2025-12-14 22:00:55,tablet
30000624,243,CAMP_EDUCATION,education,2026-05-31 20:51:55,tablet
30000625,243,CAMP_EDUCATION,education,2026-04-04 19:44:55,mobile
30000626,244,CAMP_EDUCATION,education,2026-04-21 22:11:55,mobile
30000627,244,CAMP_EDUCATION,education,2026-05-03 20:20:55,desktop
30000628,244,CAMP_EDUCATION,education,2026-05-18 21:21:55,desktop
30000629,245,CAMP_EDUCATION,education,2026-05-07 22:27:55,desktop
30000630,245,CAMP_TRAVEL,travel,2026-03-28 22:17:55,mobile
30000631,247,CAMP_EDUCATION,education,2026-05-12 21:36:55,desktop
30000632,247,CAMP_EDUCATION,education,2026-03-17 20:36:55,tablet
30000633,248,CAMP_EDUCATION,education,2026-05-05 20:13:55,mobile
30000634,248,CAMP_EDUCATION,education,2026-04-15 20:57:55,desktop
30000635,249,CAMP_EDUCATION,education,2025-06-17 21:17:55,tablet
30000636,249,CAMP_EDUCATION,education,2026-04-13 21:22:55,desktop
30000637,249,CAMP_EDUCATION,education,2025-09-17 22:25:55,desktop
30000638,249,CAMP_EDUCATION,education,2026-05-26 21:21:55,mobile
30000639,250,CAMP_EDUCATION,education,2025-07-13 20:53:55,tablet
30000640,252,CAMP_TRAVEL,travel,2026-03-17 22:16:55,mobile
30000641,252,CAMP_HOME,home,2026-04-21 19:43:55,mobile
30000642,254,CAMP_REWARDS,rewards,2026-05-15 21:29:55,desktop
30000643,259,CAMP_LIFESTYLE,lifestyle,2026-03-13 20:35:55,tablet
30000644,259,CAMP_REWARDS,rewards,2026-05-20 20:41:55,tablet
30000645,262,CAMP_HOME,home,2025-12-02 21:30:55,tablet
30000646,262,CAMP_REWARDS,rewards,2025-06-21 21:49:55,desktop
30000647,263,CAMP_EDUCATION,education,2025-06-21 22:04:55,mobile
30000648,266,CAMP_LIFESTYLE,lifestyle,2026-02-17 21:18:55,desktop
30000649,275,CAMP_REWARDS,rewards,2026-05-19 21:59:55,mobile
30000650,279,CAMP_HOME,home,2026-03-16 20:27:55,tablet
30000651,279,CAMP_REWARDS,rewards,2026-04-16 20:46:55,mobile
30000652,279,CAMP_TRAVEL,travel,2026-04-30 22:04:55,tablet
30000653,282,CAMP_REWARDS,rewards,2026-04-18 21:36:55,tablet
30000654,283,CAMP_HOME,home,2026-04-29 20:56:55,desktop
30000655,285,CAMP_HOME,home,2026-04-08 21:13:55,desktop
30000656,286,CAMP_REWARDS,rewards,2026-03-26 20:10:55,desktop
30000657,290,CAMP_TRAVEL,travel,2025-12-15 19:38:55,mobile
30000658,290,CAMP_TRAVEL,travel,2026-01-07 21:21:55,tablet
30000659,291,CAMP_HOME,home,2026-03-08 21:03:55,desktop
30000660,295,CAMP_REWARDS,rewards,2025-11-03 22:02:55,mobile
30000661,296,CAMP_LIFESTYLE,lifestyle,2026-02-19 21:02:55,tablet
30000662,297,CAMP_REWARDS,rewards,2026-04-11 21:04:55,desktop
30000663,298,CAMP_REWARDS,rewards,2026-03-23 19:39:55,mobile
30000664,302,CAMP_LIFESTYLE,lifestyle,2025-11-22 21:03:55,mobile
30000665,303,CAMP_LIFESTYLE,lifestyle,2026-05-19 20:58:55,desktop
30000666,312,CAMP_LIFESTYLE,lifestyle,2025-06-10 20:27:55,tablet
30000667,314,CAMP_TRAVEL,travel,2026-05-26 21:20:55,desktop
30000668,315,CAMP_EDUCATION,education,2026-01-31 20:47:55,desktop
30000669,318,CAMP_EDUCATION,education,2026-04-24 21:51:55,tablet
30000670,320,CAMP_TRAVEL,travel,2026-04-01 21:21:55,tablet
30000671,327,CAMP_REWARDS,rewards,2025-06-07 21:05:55,desktop
30000672,329,CAMP_LIFESTYLE,lifestyle,2025-12-27 21:32:55,mobile
30000673,338,CAMP_HOME,home,2026-04-09 22:09:55,tablet
30000674,341,CAMP_REWARDS,rewards,2025-07-21 22:27:55,tablet
30000675,343,CAMP_LIFESTYLE,lifestyle,2026-06-01 19:49:55,tablet
30000676,345,CAMP_LIFESTYLE,lifestyle,2026-05-03 22:28:55,desktop
30000677,346,CAMP_EDUCATION,education,2026-05-28 19:45:55,tablet
30000678,350,CAMP_EDUCATION,education,2025-07-04 20:23:55,tablet
30000679,351,CAMP_TRAVEL,travel,2026-06-01 21:28:55,mobile
30000680,354,CAMP_HOME,home,2026-05-01 21:51:55,mobile
30000681,360,CAMP_EDUCATION,education,2025-06-11 21:45:55,tablet
30000682,362,CAMP_LIFESTYLE,lifestyle,2026-03-31 22:05:55,mobile
30000683,365,CAMP_EDUCATION,education,2025-09-23 21:06:55,mobile
30000684,371,CAMP_REWARDS,rewards,2026-03-24 21:08:55,tablet
30000685,372,CAMP_TRAVEL,travel,2026-04-30 22:08:55,desktop
30000686,372,CAMP_REWARDS,rewards,2025-11-12 19:57:55,mobile
30000687,374,CAMP_HOME,home,2026-03-08 22:29:55,desktop
30000688,375,CAMP_TRAVEL,travel,2026-03-22 22:13:55,desktop
30000689,375,CAMP_TRAVEL,travel,2025-12-02 20:44:55,tablet
30000690,377,CAMP_EDUCATION,education,2026-05-30 22:05:55,mobile
30000691,378,CAMP_TRAVEL,travel,2026-05-21 22:21:55,desktop
30000692,380,CAMP_TRAVEL,travel,2025-12-12 20:44:55,tablet
30000693,382,CAMP_EDUCATION,education,2026-04-23 19:43:55,mobile
30000694,389,CAMP_EDUCATION,education,2025-09-08 20:56:55,tablet
30000695,390,CAMP_EDUCATION,education,2025-12-08 21:15:55,tablet
30000696,393,CAMP_HOME,home,2026-05-01 21:08:55,desktop
30000697,397,CAMP_TRAVEL,travel,2026-04-14 20:59:55,desktop
30000698,399,CAMP_EDUCATION,education,2026-03-23 22:21:55,mobile
30000699,402,CAMP_HOME,home,2026-02-17 19:50:55,mobile
30000700,416,CAMP_TRAVEL,travel,2026-03-13 20:27:55,desktop
30000701,416,CAMP_REWARDS,rewards,2026-03-14 21:01:55,mobile
30000702,417,CAMP_REWARDS,rewards,2026-04-03 20:45:55,mobile
30000703,419,CAMP_EDUCATION,education,2026-03-19 20:33:55,desktop
30000704,419,CAMP_TRAVEL,travel,2025-09-28 20:12:55,mobile
30000705,421,CAMP_HOME,home,2026-05-03 19:50:55,mobile
30000706,421,CAMP_LIFESTYLE,lifestyle,2026-03-11 22:25:55,tablet
30000707,421,CAMP_HOME,home,2026-05-21 20:32:55,desktop
30000708,425,CAMP_TRAVEL,travel,2026-02-22 20:33:55,tablet
30000709,427,CAMP_HOME,home,2026-03-28 21:03:55,desktop
30000710,429,CAMP_HOME,home,2026-05-15 19:57:55,tablet
30000711,430,CAMP_EDUCATION,education,2026-04-17 20:17:55,desktop
30000712,432,CAMP_TRAVEL,travel,2026-03-10 20:39:55,mobile
30000713,433,CAMP_REWARDS,rewards,2026-05-04 21:53:55,tablet
30000714,434,CAMP_HOME,home,2025-07-09 20:10:55,desktop
30000715,434,CAMP_EDUCATION,education,2025-09-27 20:48:55,mobile
30000716,435,CAMP_LIFESTYLE,lifestyle,2026-03-18 20:03:55,tablet
30000717,437,CAMP_HOME,home,2025-10-13 22:29:55,tablet
30000718,438,CAMP_LIFESTYLE,lifestyle,2025-12-02 19:54:55,desktop
30000719,439,CAMP_EDUCATION,education,2025-06-25 21:41:55,tablet
30000720,440,CAMP_TRAVEL,travel,2025-09-24 21:51:55,desktop
30000721,442,CAMP_EDUCATION,education,2025-12-13 20:32:55,desktop
30000722,442,CAMP_LIFESTYLE,lifestyle,2026-05-23 20:44:55,mobile
30000723,454,CAMP_TRAVEL,travel,2026-05-04 20:46:55,tablet
30000724,455,CAMP_EDUCATION,education,2026-05-23 20:18:55,mobile
30000725,460,CAMP_LIFESTYLE,lifestyle,2025-07-10 22:12:55,desktop
30000726,464,CAMP_TRAVEL,travel,2026-01-11 21:43:55,desktop
30000727,464,CAMP_LIFESTYLE,lifestyle,2026-03-17 22:09:55,tablet
30000728,465,CAMP_EDUCATION,education,2026-05-29 21:53:55,mobile
30000729,467,CAMP_TRAVEL,travel,2026-04-14 19:58:55,mobile
30000730,471,CAMP_EDUCATION,education,2025-08-20 22:09:55,tablet
30000731,472,CAMP_HOME,home,2026-03-12 19:47:55,mobile
30000732,472,CAMP_HOME,home,2026-05-15 21:48:55,mobile
30000733,486,CAMP_EDUCATION,education,2026-03-31 20:47:55,mobile
30000734,490,CAMP_TRAVEL,travel,2026-05-10 20:13:55,desktop
30000735,493,CAMP_HOME,home,2026-01-23 21:30:55,mobile
30000736,494,CAMP_HOME,home,2026-05-28 21:47:55,tablet
30000737,499,CAMP_REWARDS,rewards,2026-06-03 19:34:55,mobile
30000738,505,CAMP_LIFESTYLE,lifestyle,2025-07-19 20:11:55,tablet
30000739,508,CAMP_REWARDS,rewards,2026-06-01 20:20:55,mobile
30000740,512,CAMP_TRAVEL,travel,2025-06-12 21:18:55,mobile
30000741,518,CAMP_HOME,home,2025-07-03 20:55:55,tablet
30000742,520,CAMP_HOME,home,2025-11-10 20:01:55,tablet
30000743,523,CAMP_TRAVEL,travel,2026-03-18 22:04:55,mobile
30000744,524,CAMP_REWARDS,rewards,2025-12-23 20:00:55,desktop
30000745,525,CAMP_REWARDS,rewards,2026-05-04 19:44:55,mobile
30000746,527,CAMP_TRAVEL,travel,2026-01-26 19:32:55,tablet
30000747,528,CAMP_EDUCATION,education,2025-11-19 20:54:55,desktop
30000748,531,CAMP_LIFESTYLE,lifestyle,2026-06-01 20:03:55,tablet
30000749,536,CAMP_REWARDS,rewards,2026-05-23 21:14:55,mobile
30000750,537,CAMP_TRAVEL,travel,2026-03-12 21:47:55,mobile
30000751,541,CAMP_EDUCATION,education,2025-07-24 19:38:55,mobile
30000752,550,CAMP_EDUCATION,education,2026-06-04 21:59:55,mobile
30000753,551,CAMP_HOME,home,2026-02-22 19:40:55,desktop
30000754,552,CAMP_TRAVEL,travel,2026-04-10 21:08:55,mobile
30000755,552,CAMP_TRAVEL,travel,2026-04-14 20:10:55,tablet
30000756,556,CAMP_LIFESTYLE,lifestyle,2026-05-25 22:09:55,desktop
30000757,560,CAMP_TRAVEL,travel,2026-05-25 21:29:55,mobile
30000758,561,CAMP_EDUCATION,education,2026-04-22 21:50:55,mobile
30000759,566,CAMP_HOME,home,2025-09-29 20:41:55,mobile
30000760,567,CAMP_EDUCATION,education,2026-03-05 21:44:55,mobile
30000761,569,CAMP_EDUCATION,education,2026-03-22 19:44:55,desktop
30000762,570,CAMP_EDUCATION,education,2026-01-19 22:01:55,tablet
30000763,570,CAMP_REWARDS,rewards,2026-03-27 20:32:55,desktop
30000764,572,CAMP_EDUCATION,education,2025-07-02 21:41:55,desktop
30000765,572,CAMP_EDUCATION,education,2026-04-14 20:29:55,tablet
30000766,573,CAMP_TRAVEL,travel,2026-04-20 21:50:55,desktop
30000767,576,CAMP_REWARDS,rewards,2026-05-26 19:32:55,tablet
30000768,576,CAMP_EDUCATION,education,2026-05-03 19:56:55,desktop
30000769,576,CAMP_EDUCATION,education,2025-07-30 19:50:55,desktop
30000770,579,CAMP_HOME,home,2026-04-09 21:08:55,mobile
30000771,583,CAMP_TRAVEL,travel,2025-11-13 19:43:55,mobile
30000772,584,CAMP_TRAVEL,travel,2026-03-08 21:13:55,mobile
30000773,584,CAMP_TRAVEL,travel,2026-04-04 19:58:55,desktop
30000774,584,CAMP_TRAVEL,travel,2026-05-17 21:34:55,tablet
30000775,586,CAMP_EDUCATION,education,2025-09-11 19:49:55,desktop
30000776,592,CAMP_TRAVEL,travel,2026-04-05 21:12:55,mobile
30000777,593,CAMP_HOME,home,2026-04-03 20:44:55,mobile
30000778,597,CAMP_LIFESTYLE,lifestyle,2025-11-27 21:19:55,desktop
30000779,597,CAMP_LIFESTYLE,lifestyle,2025-10-22 22:13:55,desktop
30000780,597,CAMP_REWARDS,rewards,2025-11-12 19:57:55,tablet
30000781,603,CAMP_EDUCATION,education,2025-07-04 19:42:55,tablet
30000782,610,CAMP_LIFESTYLE,lifestyle,2026-04-15 19:50:55,mobile
30000783,614,CAMP_TRAVEL,travel,2026-03-27 20:43:55,desktop
30000784,616,CAMP_REWARDS,rewards,2025-09-16 20:59:55,desktop
30000785,618,CAMP_REWARDS,rewards,2026-04-18 21:24:55,tablet
30000786,622,CAMP_HOME,home,2026-05-14 19:37:55,mobile
30000787,623,CAMP_EDUCATION,education,2025-09-15 19:47:55,tablet
30000788,624,CAMP_HOME,home,2025-07-11 21:36:55,tablet
30000789,637,CAMP_REWARDS,rewards,2025-10-21 20:50:55,mobile
30000790,642,CAMP_HOME,home,2026-05-27 20:54:55,tablet
30000791,642,CAMP_EDUCATION,education,2025-10-26 20:21:55,desktop
30000792,643,CAMP_REWARDS,rewards,2025-09-15 19:59:55,desktop
30000793,644,CAMP_TRAVEL,travel,2026-03-25 20:26:55,tablet
30000794,646,CAMP_EDUCATION,education,2025-08-10 20:28:55,mobile
30000795,646,CAMP_TRAVEL,travel,2025-12-23 21:25:55,desktop
30000796,647,CAMP_TRAVEL,travel,2026-05-13 21:17:55,mobile
30000797,650,CAMP_HOME,home,2026-05-05 20:04:55,desktop
30000798,652,CAMP_LIFESTYLE,lifestyle,2025-07-27 19:47:55,desktop
30000799,659,CAMP_REWARDS,rewards,2026-05-23 19:32:55,tablet
30000800,660,CAMP_TRAVEL,travel,2025-12-16 20:08:55,tablet
30000801,664,CAMP_TRAVEL,travel,2026-03-27 19:33:55,tablet
30000802,672,CAMP_LIFESTYLE,lifestyle,2026-03-12 19:36:55,tablet
30000803,672,CAMP_REWARDS,rewards,2025-11-06 22:19:55,desktop
30000804,675,CAMP_EDUCATION,education,2025-07-29 19:42:55,tablet
30000805,676,CAMP_HOME,home,2026-04-01 21:48:55,tablet
30000806,680,CAMP_REWARDS,rewards,2025-11-06 19:42:55,mobile
30000807,681,CAMP_REWARDS,rewards,2026-05-07 19:34:55,mobile
30000808,686,CAMP_HOME,home,2025-09-26 20:56:55,mobile
30000809,689,CAMP_HOME,home,2026-06-02 21:18:55,desktop
30000810,690,CAMP_TRAVEL,travel,2026-04-18 19:41:55,mobile
30000811,692,CAMP_LIFESTYLE,lifestyle,2026-04-25 21:19:55,tablet
30000812,700,CAMP_LIFESTYLE,lifestyle,2026-05-11 19:43:55,desktop
30000813,701,CAMP_TRAVEL,travel,2026-05-08 20:18:55,mobile
30000814,702,CAMP_LIFESTYLE,lifestyle,2026-02-18 19:37:55,desktop
30000815,705,CAMP_LIFESTYLE,lifestyle,2026-05-13 20:28:55,mobile
30000816,706,CAMP_EDUCATION,education,2025-12-21 21:12:55,mobile
30000817,709,CAMP_HOME,home,2025-07-12 19:58:55,tablet
30000818,718,CAMP_TRAVEL,travel,2026-06-03 22:23:55,tablet
30000819,724,CAMP_TRAVEL,travel,2026-06-03 19:35:55,tablet
30000820,724,CAMP_LIFESTYLE,lifestyle,2025-08-22 19:40:55,mobile
30000821,726,CAMP_EDUCATION,education,2025-12-14 20:52:55,desktop
30000822,730,CAMP_HOME,home,2025-10-01 22:02:55,mobile
30000823,733,CAMP_TRAVEL,travel,2026-04-08 22:27:55,desktop
30000824,738,CAMP_REWARDS,rewards,2026-02-08 19:39:55,tablet
30000825,739,CAMP_LIFESTYLE,lifestyle,2026-03-11 22:12:55,mobile
30000826,739,CAMP_REWARDS,rewards,2026-03-15 20:34:55,mobile
30000827,746,CAMP_LIFESTYLE,lifestyle,2026-04-26 22:09:55,mobile
30000828,746,CAMP_EDUCATION,education,2025-10-25 21:51:55,tablet
30000829,749,CAMP_TRAVEL,travel,2026-04-30 20:32:55,mobile
30000830,753,CAMP_EDUCATION,education,2026-04-07 19:32:55,desktop
30000831,756,CAMP_EDUCATION,education,2026-03-25 20:03:55,desktop
30000832,757,CAMP_LIFESTYLE,lifestyle,2026-02-28 21:29:55,tablet
30000833,760,CAMP_TRAVEL,travel,2026-05-19 21:01:55,tablet
30000834,761,CAMP_LIFESTYLE,lifestyle,2025-11-09 19:59:55,mobile
30000835,764,CAMP_EDUCATION,education,2026-06-02 20:11:55,desktop
30000836,765,CAMP_TRAVEL,travel,2025-07-18 22:27:55,tablet
30000837,766,CAMP_EDUCATION,education,2025-09-25 22:26:55,desktop
30000838,768,CAMP_EDUCATION,education,2026-05-20 22:03:55,tablet
30000839,769,CAMP_REWARDS,rewards,2025-08-13 21:57:55,tablet
30000840,771,CAMP_REWARDS,rewards,2026-04-02 21:10:55,mobile
30000841,775,CAMP_HOME,home,2025-08-25 22:20:55,tablet
30000842,776,CAMP_TRAVEL,travel,2026-03-09 21:31:55,desktop
30000843,776,CAMP_REWARDS,rewards,2026-03-31 19:38:55,mobile
30000844,780,CAMP_HOME,home,2025-06-06 21:51:55,desktop
30000845,781,CAMP_HOME,home,2026-03-02 21:23:55,mobile
30000846,781,CAMP_LIFESTYLE,lifestyle,2026-06-01 20:24:55,tablet
30000847,783,CAMP_TRAVEL,travel,2026-05-17 20:02:55,tablet
30000848,787,CAMP_TRAVEL,travel,2025-10-12 20:42:55,mobile
30000849,788,CAMP_REWARDS,rewards,2025-12-31 21:34:55,mobile
30000850,788,CAMP_HOME,home,2026-04-18 19:58:55,mobile
30000851,797,CAMP_EDUCATION,education,2026-04-08 20:34:55,desktop
30000852,799,CAMP_LIFESTYLE,lifestyle,2026-04-07 21:54:55,desktop
30000853,803,CAMP_HOME,home,2026-05-22 20:12:55,desktop
30000854,811,CAMP_HOME,home,2026-06-05 22:17:55,desktop
30000855,815,CAMP_EDUCATION,education,2025-07-03 20:43:55,desktop
30000856,817,CAMP_REWARDS,rewards,2026-05-04 20:37:55,tablet
30000857,825,CAMP_TRAVEL,travel,2025-07-28 21:39:55,tablet
30000858,827,CAMP_TRAVEL,travel,2026-04-17 20:27:55,desktop
30000859,838,CAMP_TRAVEL,travel,2026-04-23 19:56:55,tablet
30000860,840,CAMP_TRAVEL,travel,2025-12-16 20:27:55,tablet
30000861,845,CAMP_LIFESTYLE,lifestyle,2026-03-07 19:58:55,desktop
30000862,846,CAMP_EDUCATION,education,2025-11-13 20:29:55,tablet
30000863,846,CAMP_LIFESTYLE,lifestyle,2026-03-11 20:52:55,desktop
30000864,846,CAMP_HOME,home,2026-04-26 20:12:55,tablet
30000865,847,CAMP_HOME,home,2026-03-11 21:20:55,tablet
30000866,851,CAMP_TRAVEL,travel,2026-01-19 22:26:55,mobile
30000867,856,CAMP_LIFESTYLE,lifestyle,2025-11-04 21:42:55,desktop
30000868,857,CAMP_LIFESTYLE,lifestyle,2026-05-26 21:26:55,desktop
30000869,858,CAMP_EDUCATION,education,2026-06-01 22:21:55,mobile
30000870,862,CAMP_EDUCATION,education,2026-05-12 20:21:55,tablet
30000871,863,CAMP_EDUCATION,education,2026-05-26 20:51:55,mobile
30000872,866,CAMP_REWARDS,rewards,2026-04-30 20:35:55,mobile
30000873,867,CAMP_LIFESTYLE,lifestyle,2026-03-15 20:17:55,desktop
30000874,867,CAMP_HOME,home,2026-05-07 20:15:55,desktop
30000875,871,CAMP_EDUCATION,education,2026-01-25 20:17:55,tablet
30000876,873,CAMP_HOME,home,2025-10-08 20:12:55,tablet
30000877,873,CAMP_HOME,home,2026-05-16 19:36:55,tablet
30000878,875,CAMP_LIFESTYLE,lifestyle,2025-10-11 19:56:55,tablet
30000879,877,CAMP_HOME,home,2026-04-25 19:36:55,mobile
30000880,879,CAMP_HOME,home,2025-06-27 19:52:55,tablet
30000881,881,CAMP_TRAVEL,travel,2026-05-20 19:34:55,mobile
30000882,882,CAMP_EDUCATION,education,2026-04-07 21:54:55,desktop
30000883,886,CAMP_TRAVEL,travel,2026-03-13 22:18:55,mobile
30000884,886,CAMP_HOME,home,2026-06-02 22:07:55,mobile
30000885,891,CAMP_REWARDS,rewards,2026-05-16 20:48:55,mobile
30000886,895,CAMP_HOME,home,2025-10-05 19:42:55,mobile
30000887,898,CAMP_HOME,home,2026-04-11 20:43:55,tablet
30000888,900,CAMP_TRAVEL,travel,2026-04-30 19:39:55,tablet
30000889,905,CAMP_REWARDS,rewards,2026-01-08 22:19:55,mobile
30000890,906,CAMP_TRAVEL,travel,2026-05-17 22:16:55,tablet
30000891,908,CAMP_REWARDS,rewards,2026-05-19 20:10:55,tablet
30000892,908,CAMP_TRAVEL,travel,2025-11-25 20:30:55,desktop
30000893,910,CAMP_EDUCATION,education,2026-05-15 21:36:55,mobile
30000894,911,CAMP_TRAVEL,travel,2025-10-12 20:34:55,tablet
30000895,911,CAMP_EDUCATION,education,2026-04-27 21:53:55,mobile
30000896,921,CAMP_LIFESTYLE,lifestyle,2026-05-19 20:22:55,desktop
30000897,922,CAMP_REWARDS,rewards,2026-04-03 21:14:55,tablet
30000898,927,CAMP_LIFESTYLE,lifestyle,2025-12-21 21:19:55,mobile
30000899,929,CAMP_EDUCATION,education,2025-06-14 20:08:55,mobile
30000900,941,CAMP_HOME,home,2026-05-02 22:02:55,mobile
30000901,941,CAMP_LIFESTYLE,lifestyle,2026-05-15 21:35:55,tablet
30000902,945,CAMP_LIFESTYLE,lifestyle,2025-07-14 20:42:55,mobile
30000903,948,CAMP_TRAVEL,travel,2026-01-04 21:36:55,tablet
30000904,949,CAMP_LIFESTYLE,lifestyle,2026-01-14 20:58:55,tablet
30000905,952,CAMP_TRAVEL,travel,2026-01-10 22:28:55,desktop
30000906,956,CAMP_REWARDS,rewards,2025-12-12 20:30:55,tablet
30000907,959,CAMP_TRAVEL,travel,2025-11-08 20:14:55,tablet
30000908,959,CAMP_HOME,home,2026-05-09 21:55:55,tablet
30000909,965,CAMP_HOME,home,2026-03-06 22:01:55,desktop
30000910,967,CAMP_EDUCATION,education,2026-05-23 22:14:55,mobile
30000911,968,CAMP_TRAVEL,travel,2026-03-24 19:31:55,mobile
30000912,970,CAMP_TRAVEL,travel,2026-04-23 22:05:55,tablet
30000913,972,CAMP_TRAVEL,travel,2026-04-30 19:34:55,mobile
30000914,981,CAMP_EDUCATION,education,2026-04-25 22:11:55,desktop
30000915,983,CAMP_EDUCATION,education,2026-03-19 20:16:55,desktop
30000916,985,CAMP_HOME,home,2026-04-28 19:40:55,mobile
30000917,988,CAMP_REWARDS,rewards,2026-05-28 21:39:55,tablet
30000918,995,CAMP_LIFESTYLE,lifestyle,2026-03-30 22:12:55,tablet
30000919,996,CAMP_HOME,home,2026-03-28 20:02:55,mobile
30000920,996,CAMP_LIFESTYLE,lifestyle,2026-05-06 20:01:55,mobile
30000921,999,CAMP_EDUCATION,education,2025-12-01 21:08:55,desktop
