txn_id,customer_id,merchant_id,merchant_category,amount,txn_date,txn_city,channel,status
10000001,1,156,CLOTHING,7680.18,2025-06-29,Delhi,online,completed
10000002,1,87,ENTERTAINMENT,5538.65,2025-06-14,New Zealand,international,completed
10000003,1,156,CLOTHING,2024.69,2025-06-27,Delhi,in_store,completed
10000004,1,120,ENTERTAINMENT,2370.0,2025-06-20,Delhi,online,completed
10000005,1,133,GAS_STATIONS,6929.04,2025-06-22,Delhi,online,completed
10000006,1,122,CLOTHING,2134.33,2025-07-29,Delhi,in_store,completed
10000007,1,122,CLOTHING,7818.63,2025-07-26,Delhi,in_store,completed
10000008,1,23,CLOTHING,7247.63,2025-08-05,Delhi,in_store,completed
10000009,1,71,UTILITIES,7533.41,2025-07-08,Delhi,in_store,completed
10000010,1,71,UTILITIES,5959.01,2025-08-27,Delhi,online,completed
10000011,1,192,UTILITIES,5269.3,2025-08-22,Delhi,contactless,completed
10000012,1,158,GAS_STATIONS,5196.79,2025-09-04,Delhi,in_store,pending
10000013,1,80,ENTERTAINMENT,2315.91,2025-08-29,Delhi,in_store,completed
10000014,1,83,DINING,8080.11,2025-08-14,Delhi,online,completed
10000015,1,152,CLOTHING,5241.88,2025-08-20,Delhi,in_store,completed
10000016,1,32,ENTERTAINMENT,1821.15,2025-10-05,Delhi,online,completed
10000017,1,185,GAS_STATIONS,6782.21,2025-09-17,Delhi,contactless,completed
10000018,1,105,GROCERIES,4873.52,2025-09-24,Delhi,contactless,completed
10000019,1,116,CLOTHING,2551.43,2025-10-01,Delhi,in_store,completed
10000020,1,70,ENTERTAINMENT,1438.71,2025-09-15,Delhi,in_store,completed
10000021,1,133,GAS_STATIONS,6366.91,2025-09-10,Paraguay,international,completed
10000022,1,87,ENTERTAINMENT,2020.11,2025-09-29,Delhi,online,completed
10000023,1,122,CLOTHING,2574.04,2025-10-04,Delhi,online,completed
10000024,1,145,CLOTHING,5752.76,2025-10-09,Delhi,online,completed
10000025,1,37,FAST_FOOD,7367.31,2025-10-27,Delhi,contactless,completed
10000026,1,71,UTILITIES,2015.46,2025-10-29,Delhi,online,completed
10000027,1,120,ENTERTAINMENT,5988.06,2025-10-28,Delhi,in_store,completed
10000028,1,116,FAST_FOOD,3086.09,2025-11-13,Delhi,online,completed
10000029,1,31,GROCERIES,4412.41,2025-12-03,Delhi,online,completed
10000030,1,132,FAST_FOOD,6821.14,2025-11-15,Delhi,online,completed
10000031,1,80,ENTERTAINMENT,2273.23,2025-11-14,Delhi,online,completed
10000032,1,87,ENTERTAINMENT,6494.75,2025-11-17,Delhi,contactless,completed
10000033,1,125,FAST_FOOD,6409.15,2025-12-22,Delhi,contactless,completed
10000034,1,17,DINING,4423.63,2025-12-26,Delhi,in_store,completed
10000035,1,103,CLOTHING,5846.68,2025-12-17,Delhi,in_store,completed
10000036,1,132,ENTERTAINMENT,3828.99,2025-12-21,Delhi,online,completed
10000037,1,87,ENTERTAINMENT,4599.73,2025-12-30,Delhi,contactless,completed
10000038,1,103,CLOTHING,2163.54,2025-12-22,Delhi,in_store,completed
10000039,1,152,CLOTHING,7161.16,2025-12-31,Delhi,in_store,pending
10000040,1,56,FAST_FOOD,3579.65,2025-12-13,Delhi,in_store,completed
10000041,1,55,FAST_FOOD,2906.23,2026-01-26,Delhi,online,completed
10000042,1,69,FAST_FOOD,7402.97,2026-01-07,Delhi,in_store,completed
10000043,1,83,DINING,5013.08,2026-01-28,Delhi,online,completed
10000044,1,186,DINING,7660.04,2026-01-08,Delhi,contactless,completed
10000045,1,15,UTILITIES,6984.87,2026-02-01,Delhi,contactless,completed
10000046,1,72,UTILITIES,1081.71,2026-01-30,Delhi,online,completed
10000047,1,136,CLOTHING,2697.62,2026-01-25,Delhi,online,completed
10000048,1,16,ENTERTAINMENT,1285.3,2026-02-22,Delhi,online,completed
10000049,1,31,GROCERIES,4199.93,2026-02-08,Delhi,online,completed
10000050,1,132,ENTERTAINMENT,2607.01,2026-03-02,Delhi,contactless,completed
10000051,1,31,GROCERIES,2394.29,2026-02-12,Delhi,online,completed
10000052,1,116,CLOTHING,946.33,2026-02-11,Delhi,contactless,completed
10000053,1,117,FAST_FOOD,3995.89,2026-03-29,Delhi,in_store,reversed
10000054,1,134,GROCERIES,3764.63,2026-03-25,Delhi,contactless,completed
10000055,1,133,GAS_STATIONS,6392.83,2026-03-28,Delhi,online,completed
10000056,1,80,ENTERTAINMENT,5328.93,2026-03-26,Delhi,contactless,completed
10000057,1,158,GAS_STATIONS,1261.75,2026-03-28,Delhi,online,completed
10000058,1,111,GROCERIES,6942.1,2026-04-15,Delhi,online,completed
10000059,1,40,DINING,2451.61,2026-04-08,Delhi,online,completed
10000060,1,47,DINING,1703.47,2026-04-19,Delhi,in_store,completed
10000061,1,134,GROCERIES,5908.5,2026-05-06,Delhi,in_store,completed
10000062,1,80,ENTERTAINMENT,6305.54,2026-04-25,Delhi,online,completed
10000063,1,75,ENTERTAINMENT,5777.23,2026-05-02,Delhi,in_store,completed
10000064,1,168,FAST_FOOD,3534.38,2026-04-12,Delhi,online,completed
10000065,1,31,GROCERIES,1530.35,2026-05-29,Delhi,online,completed
10000066,1,58,GROCERIES,1116.75,2026-05-31,Hong Kong,international,completed
10000067,1,20,FAST_FOOD,5487.08,2026-05-26,Delhi,in_store,completed
10000068,1,133,GAS_STATIONS,3186.36,2026-05-31,Delhi,contactless,completed
10000069,1,72,UTILITIES,4545.58,2026-05-26,Delhi,online,completed
10000070,1,20,GROCERIES,7836.19,2026-05-11,Delhi,online,completed
10000071,2,87,ENTERTAINMENT,1794.45,2025-06-09,Guadeloupe,international,completed
10000072,2,103,CLOTHING,641.41,2025-06-08,Hyderabad,online,completed
10000073,2,145,CLOTHING,1124.13,2025-06-15,Hyderabad,contactless,completed
10000074,2,70,ENTERTAINMENT,2553.59,2025-06-13,Hyderabad,in_store,completed
10000075,2,19,FAST_FOOD,875.97,2025-07-15,Hyderabad,in_store,completed
10000076,2,185,GAS_STATIONS,2623.38,2025-07-29,Hyderabad,in_store,completed
10000077,2,31,GROCERIES,312.06,2025-08-01,Hyderabad,online,completed
10000078,2,111,GROCERIES,2109.28,2025-07-26,Hyderabad,in_store,completed
10000079,2,83,DINING,575.51,2025-07-11,Hyderabad,contactless,completed
10000080,2,185,GAS_STATIONS,809.87,2025-07-09,Hyderabad,in_store,completed
10000081,2,116,CLOTHING,2423.01,2025-08-28,Hyderabad,contactless,completed
10000082,2,70,ENTERTAINMENT,1017.26,2025-08-28,Hyderabad,online,completed
10000083,2,20,GROCERIES,743.12,2025-08-07,Hyderabad,online,completed
10000084,2,15,UTILITIES,2273.99,2025-08-22,Hyderabad,online,completed
10000085,2,90,FAST_FOOD,991.07,2025-08-25,Hyderabad,in_store,completed
10000086,2,75,ENTERTAINMENT,1341.23,2025-09-20,Hyderabad,online,completed
10000087,2,70,ENTERTAINMENT,1152.32,2025-09-10,Hyderabad,online,completed
10000088,2,158,FAST_FOOD,1880.79,2025-09-28,Hyderabad,contactless,completed
10000089,2,132,ENTERTAINMENT,1555.54,2025-09-27,Hyderabad,in_store,completed
10000090,2,122,CLOTHING,1084.31,2025-09-15,Hyderabad,online,completed
10000091,2,31,GROCERIES,2171.97,2025-10-04,Hyderabad,online,completed
10000092,2,126,GAS_STATIONS,584.9,2025-09-10,Antarctica (the territory South of 60 deg S),international,completed
10000093,2,72,UTILITIES,1727.63,2025-11-01,Hyderabad,in_store,completed
10000094,2,148,DINING,2372.32,2025-11-04,Hyderabad,online,completed
10000095,2,47,DINING,1663.14,2025-10-18,Hyderabad,online,completed
10000096,2,158,GAS_STATIONS,1316.51,2025-10-27,Hyderabad,contactless,completed
10000097,2,32,ENTERTAINMENT,876.17,2025-11-26,Hyderabad,online,completed
10000098,2,158,GAS_STATIONS,1960.83,2025-11-30,Hyderabad,in_store,completed
10000099,2,23,CLOTHING,1678.65,2025-11-20,Hyderabad,online,completed
10000100,2,131,CLOTHING,2276.53,2025-11-15,Hyderabad,contactless,completed
10000101,2,133,GAS_STATIONS,2205.43,2025-11-18,Hyderabad,online,completed
10000102,2,120,ENTERTAINMENT,503.25,2025-12-18,Hyderabad,in_store,completed
10000103,2,17,DINING,1657.65,2025-12-11,Hyderabad,online,completed
10000104,2,122,CLOTHING,2276.7,2025-12-20,Hyderabad,online,completed
10000105,2,99,FAST_FOOD,790.19,2025-12-26,Hyderabad,online,completed
10000106,2,58,GROCERIES,1941.28,2025-12-31,Hyderabad,in_store,completed
10000107,2,164,FAST_FOOD,1278.6,2026-01-31,Hyderabad,online,completed
10000108,2,9,UTILITIES,1097.06,2026-01-23,Hyderabad,contactless,completed
10000109,2,9,UTILITIES,1302.4,2026-01-12,Hyderabad,online,completed
10000110,2,115,DINING,405.7,2026-01-16,Hyderabad,in_store,completed
10000111,2,185,GAS_STATIONS,1621.59,2026-01-25,Hyderabad,in_store,completed
10000112,2,156,CLOTHING,1067.16,2026-01-13,Hyderabad,in_store,completed
10000113,2,94,FAST_FOOD,554.1,2026-01-23,Hyderabad,online,completed
10000114,2,15,UTILITIES,1590.68,2026-01-31,Hyderabad,online,completed
10000115,2,150,CLOTHING,676.35,2026-02-12,Hyderabad,contactless,completed
10000116,2,103,CLOTHING,828.21,2026-02-17,Hyderabad,in_store,completed
10000117,2,31,GROCERIES,855.31,2026-02-07,Hyderabad,in_store,completed
10000118,2,105,GROCERIES,1051.32,2026-02-13,Hyderabad,contactless,completed
10000119,2,126,GAS_STATIONS,2499.41,2026-02-16,Hyderabad,in_store,completed
10000120,2,134,GROCERIES,519.3,2026-02-07,Hyderabad,online,completed
10000121,2,71,UTILITIES,1328.3,2026-02-25,Hyderabad,in_store,completed
10000122,2,140,ENTERTAINMENT,2299.03,2026-03-30,Hyderabad,in_store,completed
10000123,2,145,CLOTHING,558.27,2026-03-21,Hyderabad,contactless,completed
10000124,2,180,FAST_FOOD,2326.11,2026-03-17,Hyderabad,in_store,completed
10000125,2,22,FAST_FOOD,2463.8,2026-03-12,Hyderabad,online,completed
10000126,2,140,ENTERTAINMENT,2288.37,2026-03-10,Hyderabad,in_store,completed
10000127,2,192,UTILITIES,861.35,2026-03-11,Hyderabad,online,completed
10000128,2,158,GAS_STATIONS,2233.03,2026-03-31,Hyderabad,contactless,completed
10000129,2,105,GROCERIES,1786.42,2026-03-23,Hyderabad,in_store,completed
10000130,2,58,GROCERIES,758.72,2026-05-04,Hyderabad,in_store,completed
10000131,2,116,CLOTHING,2552.47,2026-05-03,Hyderabad,online,completed
10000132,2,71,UTILITIES,1307.64,2026-04-21,Hyderabad,in_store,completed
10000133,2,151,FAST_FOOD,684.54,2026-05-01,Hyderabad,online,completed
10000134,2,32,ENTERTAINMENT,2455.12,2026-05-17,Hyderabad,online,completed
10000135,2,148,DINING,2231.91,2026-05-30,Hyderabad,online,completed
10000136,2,75,ENTERTAINMENT,691.25,2026-05-23,Hyderabad,online,completed
10000137,2,58,GROCERIES,2575.8,2026-05-28,Hyderabad,online,completed
10000138,3,134,GROCERIES,1158.7,2025-06-17,Chennai,contactless,completed
10000139,3,135,GROCERIES,5032.44,2025-06-21,Chennai,online,completed
10000140,3,192,UTILITIES,7716.64,2025-07-01,Chennai,contactless,completed
10000141,3,105,GROCERIES,1189.86,2025-06-20,Chennai,in_store,completed
10000142,3,70,ENTERTAINMENT,945.05,2025-06-12,Chennai,online,completed
10000143,3,20,GROCERIES,3855.57,2025-07-18,Chennai,online,completed
10000144,3,70,ENTERTAINMENT,2527.77,2025-07-23,Chennai,contactless,completed
10000145,3,16,ENTERTAINMENT,2291.4,2025-07-22,Chennai,online,completed
10000146,3,185,GAS_STATIONS,1501.38,2025-07-11,Chennai,online,completed
10000147,3,186,DINING,7168.56,2025-07-19,Chennai,contactless,completed
10000148,3,71,UTILITIES,3740.92,2025-07-21,Chennai,in_store,completed
10000149,3,158,GAS_STATIONS,2401.84,2025-07-16,Chennai,online,completed
10000150,3,158,GAS_STATIONS,6184.12,2025-08-25,Chennai,online,completed
10000151,3,32,ENTERTAINMENT,2133.32,21/08/2025,Chennai,contactless,completed
10000152,3,23,CLOTHING,5919.58,2025-08-24,Chennai,online,completed
10000153,3,148,DINING,3382.69,2025-09-03,Chennai,online,completed
10000154,3,186,DINING,2555.96,2025-08-14,Chennai,in_store,completed
10000155,3,105,GROCERIES,6591.75,2025-08-20,Chennai,online,completed
10000156,3,191,ENTERTAINMENT,3758.34,2025-08-23,Chennai,online,completed
10000157,3,32,ENTERTAINMENT,1490.57,2025-08-10,Chennai,online,pending
10000158,3,117,FAST_FOOD,4100.6,2025-09-15,Chennai,in_store,completed
10000159,3,71,UTILITIES,6615.49,2025-09-15,Chennai,in_store,completed
10000160,3,135,GROCERIES,5492.89,2025-10-04,Lithuania,international,completed
10000161,3,156,CLOTHING,3860.57,2025-10-02,Chennai,in_store,completed
10000162,3,158,GAS_STATIONS,4505.12,2025-09-22,Chennai,in_store,completed
10000163,3,158,GAS_STATIONS,2908.35,2025-09-16,Chennai,online,completed
10000164,3,103,CLOTHING,1016.64,2025-09-12,Chennai,contactless,completed
10000165,3,9,UTILITIES,4444.07,2025-09-06,Chennai,online,completed
10000166,3,126,GAS_STATIONS,6598.54,2025-10-15,Chennai,in_store,completed
10000167,3,20,GROCERIES,1806.88,2025-10-24,Thailand,international,completed
10000168,3,126,GAS_STATIONS,1872.58,2025-10-18,Chennai,online,completed
10000169,3,94,FAST_FOOD,5242.68,2025-10-27,Chennai,in_store,completed
10000170,3,39,FAST_FOOD,3622.33,2025-11-04,Chennai,online,completed
10000171,3,126,GAS_STATIONS,5884.95,2025-10-15,Chennai,online,completed
10000172,3,72,UTILITIES,5596.09,2025-10-14,Chennai,online,completed
10000173,3,158,GAS_STATIONS,5263.18,2025-10-18,Chennai,contactless,completed
10000174,3,185,GAS_STATIONS,3357.49,2025-11-21,Chennai,in_store,completed
10000175,3,87,ENTERTAINMENT,1809.98,2025-11-13,Chennai,online,completed
10000176,3,40,DINING,2761.86,2025-11-30,Chennai,online,completed
10000177,3,71,UTILITIES,5744.5,2025-11-06,Chennai,in_store,completed
10000178,3,20,GROCERIES,7850.18,2025-12-30,Chennai,online,completed
10000179,3,133,UNKNOWN_RETAIL_ANOMALY,2094.49,2026-01-02,Chennai,online,completed
10000180,3,152,CLOTHING,1547.11,2025-12-19,Chennai,in_store,completed
10000181,3,134,GROCERIES,3827.45,2025-12-31,Chennai,online,completed
10000182,3,135,GROCERIES,6133.24,2025-12-09,Chennai,contactless,reversed
10000183,3,131,CLOTHING,6930.22,2026-01-06,Chennai,in_store,completed
10000184,3,131,CLOTHING,908.01,2026-01-28,Chennai,online,completed
10000185,3,40,DINING,3245.93,2026-01-09,Chennai,online,completed
10000186,3,72,UTILITIES,6147.2,2026-01-19,Chennai,online,completed
10000187,3,111,GROCERIES,1809.15,2026-02-11,Chennai,contactless,completed
10000188,3,158,GAS_STATIONS,7512.46,2026-02-26,Chennai,in_store,completed
10000189,3,71,UTILITIES,5543.3,2026-02-24,Chennai,online,completed
10000190,3,191,ENTERTAINMENT,900.22,2026-02-15,Chennai,in_store,completed
10000191,3,185,GAS_STATIONS,1967.17,2026-02-23,Chennai,online,completed
10000192,3,170,DINING,7794.95,2026-02-17,Chennai,in_store,completed
10000193,3,122,CLOTHING,6748.26,2026-02-10,Chennai,online,completed
10000194,3,140,ENTERTAINMENT,3698.83,2026-02-09,Chennai,online,completed
10000195,3,122,CLOTHING,1595.84,2026-03-19,Chennai,online,pending
10000196,3,126,GAS_STATIONS,3814.02,2026-03-31,Chennai,online,completed
10000197,3,7,FAST_FOOD,5095.54,2026-03-27,Chennai,contactless,completed
10000198,3,158,GAS_STATIONS,3191.79,2026-03-22,Chennai,in_store,completed
10000199,3,16,ENTERTAINMENT,3169.72,2026-03-15,Chennai,online,completed
10000200,3,17,DINING,5699.64,2026-03-10,Chennai,online,completed
10000201,3,145,CLOTHING,6325.0,2026-03-27,Chennai,contactless,completed
10000202,3,131,CLOTHING,6518.5,2026-04-19,Chennai,in_store,completed
10000203,3,58,GROCERIES,4089.84,2026-05-04,Chennai,in_store,completed
10000204,3,15,UTILITIES,2527.44,2026-04-25,Chennai,in_store,completed
10000205,3,126,FAST_FOOD,4345.14,2026-04-25,Chennai,in_store,completed
10000206,3,33,GROCERIES,5593.69,2026-04-26,Chennai,contactless,pending
10000207,3,80,ENTERTAINMENT,4819.28,2026-04-21,Chennai,online,completed
10000208,3,20,GROCERIES,1199.37,2026-05-18,Chennai,in_store,completed
10000209,3,185,GAS_STATIONS,5209.88,2026-05-21,Chennai,in_store,completed
10000210,3,87,ENTERTAINMENT,6731.46,2026-05-10,Chennai,in_store,completed
10000211,3,192,FAST_FOOD,1437.4,2026-05-31,Chennai,contactless,reversed
10000212,3,31,GROCERIES,5952.52,2026-05-19,Chennai,in_store,completed
10000213,3,15,UTILITIES,4713.94,2026-05-28,Chennai,in_store,completed
10000214,4,120,ENTERTAINMENT,2299.69,2025-06-30,Delhi,online,pending
10000215,4,20,GROCERIES,1250.25,2025-06-09,Delhi,contactless,completed
10000216,4,170,FAST_FOOD,1188.06,2025-06-16,Delhi,in_store,completed
10000217,4,133,GAS_STATIONS,1702.9,2025-06-23,Greece,international,completed
10000218,4,83,DINING,1420.15,2025-06-27,Delhi,online,completed
10000219,4,136,CLOTHING,1879.45,2025-06-08,Cocos (Keeling) Islands,international,completed
10000220,4,145,CLOTHING,2558.52,2025-07-05,Delhi,contactless,completed
10000221,4,87,ENTERTAINMENT,1295.58,2025-06-30,Delhi,online,completed
10000222,4,170,DINING,447.47,2025-08-01,Delhi,contactless,completed
10000223,4,81,DINING,624.85,2025-07-28,Delhi,online,completed
10000224,4,58,GROCERIES,1744.34,2025-07-31,Delhi,in_store,completed
10000225,4,126,GAS_STATIONS,1013.67,2025-07-26,Delhi,online,completed
10000226,4,126,GAS_STATIONS,2062.48,2025-07-10,Delhi,online,completed
10000227,4,185,GAS_STATIONS,400.71,2025-07-07,Delhi,online,completed
10000228,4,81,FAST_FOOD,1129.15,2025-07-14,Delhi,contactless,completed
10000229,4,31,FAST_FOOD,1658.04,2025-08-16,Delhi,contactless,completed
10000230,4,71,UTILITIES,2409.05,2025-09-02,Delhi,in_store,completed
10000231,4,122,CLOTHING,1774.56,2025-08-09,Delhi,in_store,completed
10000232,4,79,FAST_FOOD,1707.9,2025-08-21,Delhi,contactless,completed
10000233,4,68,FAST_FOOD,2199.38,2025-08-16,Delhi,contactless,completed
10000234,4,103,CLOTHING,964.97,2025-08-31,Delhi,contactless,completed
10000235,4,33,GROCERIES,2630.26,2025-10-01,Delhi,online,completed
10000236,4,131,CLOTHING,2224.04,2025-09-13,Delhi,in_store,completed
10000237,4,156,CLOTHING,2546.25,2025-10-05,Delhi,in_store,completed
10000238,4,58,GROCERIES,2186.22,2025-09-10,Delhi,in_store,completed
10000239,4,136,CLOTHING,506.72,2025-09-27,Delhi,contactless,completed
10000240,4,126,GAS_STATIONS,1764.91,2025-10-20,Delhi,online,completed
10000241,4,75,ENTERTAINMENT,1738.71,2025-10-23,Delhi,contactless,completed
10000242,4,148,DINING,2473.29,2025-10-10,Delhi,contactless,completed
10000243,4,9,UTILITIES,2283.22,2025-10-16,Delhi,in_store,completed
10000244,4,80,ENTERTAINMENT,463.46,2025-11-03,Delhi,online,completed
10000245,4,47,DINING,2182.57,2025-10-15,Delhi,in_store,completed
10000246,4,134,GROCERIES,2379.1,2025-10-21,Delhi,online,completed
10000247,4,150,CLOTHING,1801.56,2025-10-24,Delhi,in_store,completed
10000248,4,192,UTILITIES,2190.58,2025-11-28,Delhi,online,completed
10000249,4,126,GAS_STATIONS,1899.65,2025-12-02,Delhi,online,completed
10000250,4,27,FAST_FOOD,643.11,2025-11-20,Delhi,in_store,completed
10000251,4,116,CLOTHING,422.76,2025-11-08,Delhi,online,completed
10000252,4,20,GROCERIES,2420.56,2025-11-24,Delhi,online,completed
10000253,4,58,GROCERIES,1513.67,2025-11-20,Delhi,online,completed
10000254,4,133,GAS_STATIONS,1549.08,2025-11-28,Libyan Arab Jamahiriya,international,completed
10000255,4,145,CLOTHING,-2603.5,2025-11-19,Delhi,online,completed
10000256,4,40,DINING,2466.63,2025-12-14,Delhi,in_store,completed
10000257,4,192,UTILITIES,2570.33,2025-12-15,Delhi,contactless,completed
10000258,4,40,DINING,2548.63,2025-12-30,Croatia,international,completed
10000259,4,31,GROCERIES,1544.55,2025-12-19,Delhi,online,completed
10000260,4,185,GAS_STATIONS,1957.74,2025-12-16,Delhi,in_store,completed
10000261,4,116,CLOTHING,1631.36,2026-01-16,Delhi,online,completed
10000262,4,111,GROCERIES,433.0,2026-01-30,Delhi,online,completed
10000263,4,20,GROCERIES,1297.06,2026-01-14,Delhi,online,completed
10000264,4,13,FAST_FOOD,2672.5,2026-01-19,Delhi,online,pending
10000265,4,185,GAS_STATIONS,2048.78,2026-01-11,Delhi,online,completed
10000266,4,145,CLOTHING,706.81,2026-01-18,Delhi,online,completed
10000267,4,8,FAST_FOOD,1926.11,2026-01-23,Delhi,in_store,completed
10000268,4,175,FAST_FOOD,474.56,2026-01-17,Delhi,online,completed
10000269,4,45,FAST_FOOD,2682.04,2026-02-23,Delhi,online,completed
10000270,4,81,DINING,2052.58,2026-02-26,Delhi,in_store,completed
10000271,4,158,GAS_STATIONS,2647.73,2026-02-15,Delhi,online,completed
10000272,4,170,DINING,2245.12,2026-02-22,Delhi,online,completed
10000273,4,126,GAS_STATIONS,2298.27,2026-02-05,Delhi,contactless,completed
10000274,4,192,UTILITIES,2597.27,2026-02-21,Delhi,contactless,completed
10000275,4,15,UTILITIES,1547.07,2026-04-06,Guinea,international,completed
10000276,4,80,ENTERTAINMENT,2145.41,2026-03-23,South Georgia and the South Sandwich Islands,international,completed
10000277,4,106,FAST_FOOD,2578.26,2026-03-30,Delhi,contactless,completed
10000278,4,72,UTILITIES,1281.8,2026-04-01,Delhi,online,completed
10000279,4,31,GROCERIES,1461.13,2026-03-30,Delhi,in_store,completed
10000280,4,148,DINING,1139.65,2026-03-18,Delhi,online,completed
10000281,4,185,GAS_STATIONS,1628.33,2026-03-14,Delhi,in_store,completed
10000282,4,133,GAS_STATIONS,2286.0,2026-03-26,Delhi,online,completed
10000283,4,140,ENTERTAINMENT,926.79,2026-05-03,Delhi,in_store,completed
10000284,4,23,CLOTHING,2064.06,2026-04-27,Delhi,in_store,completed
10000285,4,183,FAST_FOOD,1061.53,2026-04-29,Delhi,contactless,completed
10000286,4,170,DINING,1532.9,2026-05-04,Delhi,online,completed
10000287,4,72,UTILITIES,2479.24,2026-04-12,Delhi,online,completed
10000288,4,186,DINING,1703.59,2026-04-17,Delhi,contactless,completed
10000289,4,148,DINING,446.16,2026-04-09,Delhi,online,completed
10000290,4,47,DINING,600.9,2026-06-05,Delhi,online,completed
10000291,4,111,GROCERIES,354.15,2026-06-01,Delhi,contactless,completed
10000292,4,15,UTILITIES,1058.59,2026-06-01,Delhi,in_store,completed
10000293,4,105,GROCERIES,2099.66,2026-06-01,Delhi,contactless,completed
10000294,4,135,GROCERIES,695.09,2026-05-26,Delhi,online,completed
10000295,4,71,UTILITIES,1035.4,2026-05-25,Delhi,in_store,completed
10000296,4,156,CLOTHING,461.7,2026-06-02,Delhi,contactless,completed
10000297,5,133,GAS_STATIONS,1543.39,2025-06-15,Pune,online,completed
10000298,5,58,GROCERIES,1164.9,2025-06-25,Pune,in_store,completed
10000299,5,75,ENTERTAINMENT,1905.3,2025-06-13,Pune,contactless,completed
10000300,5,186,DINING,1098.67,2025-06-21,Pune,in_store,completed
10000301,5,23,CLOTHING,1655.02,2025-06-10,Pune,in_store,completed
10000302,5,122,CLOTHING,2692.68,2025-07-10,Pune,in_store,completed
10000303,5,72,UTILITIES,1832.37,2025-07-14,Pune,online,completed
10000304,5,47,DINING,914.86,2025-08-05,Pune,online,completed
10000305,5,133,GAS_STATIONS,802.69,2025-07-19,Pune,in_store,completed
10000306,5,71,UTILITIES,2119.3,2025-08-03,Pune,contactless,completed
10000307,5,136,CLOTHING,2536.08,2025-07-30,Pune,in_store,completed
10000308,5,9,UTILITIES,2542.91,2025-07-27,Pune,online,completed
10000309,5,87,ENTERTAINMENT,663.29,2025-07-29,Pune,online,completed
10000310,5,192,UTILITIES,1912.1,2025-08-18,Pune,in_store,completed
10000311,5,133,GAS_STATIONS,2042.67,2025-08-15,Pune,online,completed
10000312,5,150,CLOTHING,1848.52,2025-08-16,Pune,in_store,completed
10000313,5,71,UTILITIES,316.36,2025-09-01,Pune,in_store,completed
10000314,5,185,GAS_STATIONS,2208.14,2025-09-09,Pune,online,completed
10000315,5,31,GROCERIES,738.75,2025-09-19,Eritrea,international,completed
10000316,5,58,GROCERIES,2191.13,2025-09-24,Pune,contactless,completed
10000317,5,15,UTILITIES,896.5,2025-09-24,Pune,online,completed
10000318,5,135,GROCERIES,1025.92,2025-10-22,Pune,contactless,completed
10000319,5,111,GROCERIES,956.88,2025-10-07,Pune,contactless,completed
10000320,5,15,UTILITIES,1938.1,2025-10-11,Pune,online,completed
10000321,5,116,CLOTHING,855.07,2025-10-29,Pune,online,completed
10000322,5,47,DINING,2225.75,2025-11-02,Pune,contactless,completed
10000323,5,136,CLOTHING,1089.17,2025-11-21,Pune,in_store,completed
10000324,5,20,GROCERIES,2391.0,2025-11-13,Pune,online,completed
10000325,5,133,GAS_STATIONS,616.05,2025-11-12,Pune,in_store,completed
10000326,5,103,CLOTHING,1852.41,2025-11-29,Pune,in_store,completed
10000327,5,152,CLOTHING,428.72,2025-11-18,Pune,in_store,completed
10000328,5,136,CLOTHING,703.87,2025-12-28,Pune,contactless,completed
10000329,5,111,GROCERIES,1264.3,2025-12-23,Pune,in_store,completed
10000330,5,120,ENTERTAINMENT,1406.16,2025-12-22,Pune,contactless,completed
10000331,5,9,UTILITIES,2541.28,2025-12-25,Pune,in_store,completed
10000332,5,83,DINING,1972.86,2025-12-21,Pune,online,completed
10000333,5,47,DINING,634.19,2025-12-29,Pune,in_store,completed
10000334,5,185,GAS_STATIONS,413.27,2025-12-23,Guam,international,completed
10000335,5,150,CLOTHING,949.34,2026-01-28,Pune,online,completed
10000336,5,87,ENTERTAINMENT,617.49,2026-01-14,Fiji,international,completed
10000337,5,158,GAS_STATIONS,2487.64,2026-02-04,Pune,online,completed
10000338,5,133,GAS_STATIONS,1157.26,2026-01-20,Pune,online,completed
10000339,5,79,FAST_FOOD,1410.22,2026-01-27,Pune,online,completed
10000340,5,80,ENTERTAINMENT,632.09,2026-01-30,Turkmenistan,international,completed
10000341,5,133,GAS_STATIONS,1383.04,2026-01-22,Pune,contactless,completed
10000342,5,16,ENTERTAINMENT,-1285.7,2026-02-25,Pune,contactless,completed
10000343,5,191,ENTERTAINMENT,1856.99,2026-02-22,Pune,in_store,completed
10000344,5,198,FAST_FOOD,410.55,2026-03-02,Pune,contactless,completed
10000345,5,9,UTILITIES,1730.52,2026-03-06,Nepal,international,completed
10000346,5,158,GAS_STATIONS,303.95,2026-02-24,Pune,online,completed
10000347,5,156,CLOTHING,1304.87,2026-02-13,Pune,online,completed
10000348,5,126,GAS_STATIONS,1531.15,2026-02-08,Pune,online,completed
10000349,5,37,FAST_FOOD,2058.86,2026-03-13,Pune,contactless,completed
10000350,5,40,DINING,1993.35,2026-03-08,Pune,online,completed
10000351,5,158,GAS_STATIONS,1199.58,2026-04-03,Pune,in_store,completed
10000352,5,47,DINING,2098.51,2026-03-16,Pune,contactless,completed
10000353,5,32,ENTERTAINMENT,429.19,2026-03-09,Pune,online,completed
10000354,5,136,CLOTHING,494.79,2026-03-20,Pune,in_store,completed
10000355,5,3,FAST_FOOD,1921.41,2026-03-18,Pune,in_store,completed
10000356,5,81,DINING,1911.81,2026-03-30,Pune,online,completed
10000357,5,126,GAS_STATIONS,2239.36,2026-04-09,Pune,online,completed
10000358,5,83,DINING,896.65,2026-04-12,Pune,in_store,reversed
10000359,5,103,CLOTHING,2371.01,2026-04-26,Pune,online,completed
10000360,5,16,ENTERTAINMENT,316.76,2026-04-15,Pune,in_store,completed
10000361,5,134,GROCERIES,343.86,2026-04-25,Pune,contactless,completed
10000362,5,188,FAST_FOOD,1038.77,2026-04-14,Pune,online,completed
10000363,5,43,FAST_FOOD,743.81,2026-04-21,Pune,in_store,completed
10000364,5,127,FAST_FOOD,1171.85,2026-05-10,Pune,in_store,pending
10000365,5,90,FAST_FOOD,1483.1,2026-06-06,Pune,online,completed
10000366,5,72,UTILITIES,444.54,2026-06-06,Pune,online,completed
10000367,5,135,GROCERIES,1917.64,2026-05-21,Pune,contactless,completed
10000368,5,156,CLOTHING,1823.78,2026-05-10,Pune,online,completed
10000369,5,75,ENTERTAINMENT,2126.13,2026-05-10,Pune,online,completed
10000370,5,185,GAS_STATIONS,486.86,2026-05-13,Reunion,international,completed
10000371,6,20,GROCERIES,1175.24,2025-06-21,Mumbai,contactless,completed
10000372,6,17,DINING,962.23,2025-06-21,Mumbai,contactless,completed
10000373,6,83,DINING,3778.5,2025-06-22,Mumbai,contactless,completed
10000374,6,31,GROCERIES,2514.83,2025-06-12,Mumbai,contactless,completed
10000375,6,47,DINING,2678.22,2025-06-19,Mumbai,online,completed
10000376,6,42,FAST_FOOD,1277.09,2025-06-15,Mumbai,in_store,completed
10000377,6,32,ENTERTAINMENT,3457.88,2025-06-27,Mumbai,in_store,completed
10000378,6,9,UTILITIES,2105.99,2025-06-26,Mumbai,contactless,completed
10000379,6,170,DINING,4303.27,2025-07-29,Mumbai,online,completed
10000380,6,16,ENTERTAINMENT,1909.31,2025-08-02,Mumbai,online,completed
10000381,6,168,FAST_FOOD,4291.12,2025-08-02,Mumbai,online,completed
10000382,6,185,GAS_STATIONS,2532.57,2025-07-07,Mumbai,in_store,completed
10000383,6,126,GAS_STATIONS,3571.88,2025-08-31,Mumbai,in_store,completed
10000384,6,111,GROCERIES,4252.26,2025-08-06,Mumbai,contactless,completed
10000385,6,133,GAS_STATIONS,4196.29,2025-08-23,Mumbai,contactless,completed
10000386,6,179,FAST_FOOD,3042.58,2025-08-25,Mumbai,online,completed
10000387,6,192,UTILITIES,3255.24,2025-08-07,Mumbai,in_store,completed
10000388,6,83,DINING,1286.75,2025-08-06,Mumbai,online,completed
10000389,6,81,DINING,2903.78,2025-08-17,Mumbai,in_store,completed
10000390,6,20,GROCERIES,3350.66,2025-09-01,Mumbai,online,completed
10000391,6,147,FAST_FOOD,2012.9,2025-09-07,Mumbai,in_store,completed
10000392,6,72,UTILITIES,3235.48,2025-09-30,Mumbai,online,completed
10000393,6,126,GAS_STATIONS,3914.62,2025-09-06,Mumbai,in_store,completed
10000394,6,17,DINING,2047.23,2025-09-26,Mumbai,online,completed
10000395,6,23,FAST_FOOD,2675.89,2025-09-29,Mumbai,online,completed
10000396,6,170,DINING,992.99,2025-11-02,Mumbai,online,completed
10000397,6,126,GAS_STATIONS,2781.64,2025-10-26,Mumbai,in_store,completed
10000398,6,58,GROCERIES,2686.71,2025-10-26,Mumbai,contactless,completed
10000399,6,158,GAS_STATIONS,4006.46,2025-10-18,Mumbai,in_store,completed
10000400,6,135,GROCERIES,1305.06,2025-11-23,Mumbai,contactless,completed
10000401,6,103,CLOTHING,4308.25,2025-11-09,Mumbai,in_store,completed
10000402,6,148,DINING,718.05,2025-11-16,Mumbai,online,completed
10000403,6,126,FAST_FOOD,1407.91,2025-12-03,Mumbai,in_store,completed
10000404,6,80,ENTERTAINMENT,3265.66,2025-11-30,Mumbai,online,completed
10000405,6,134,GROCERIES,1261.35,2025-11-26,Mumbai,contactless,completed
10000406,6,158,GAS_STATIONS,3548.7,2025-11-17,Mumbai,contactless,completed
10000407,6,95,FAST_FOOD,3685.2,2025-11-16,Mumbai,contactless,pending
10000408,6,185,GAS_STATIONS,2905.54,2025-12-26,Mumbai,online,completed
10000409,6,105,GROCERIES,3880.16,2025-12-29,Mumbai,online,completed
10000410,6,120,FAST_FOOD,750.03,2025-12-15,Mumbai,online,completed
10000411,6,81,DINING,1927.93,2025-12-12,Mumbai,in_store,completed
10000412,6,131,CLOTHING,1376.5,2025-12-14,Mumbai,online,completed
10000413,6,9,UTILITIES,3494.43,2025-12-06,Mumbai,in_store,completed
10000414,6,126,GAS_STATIONS,2625.43,2025-12-25,Mumbai,online,completed
10000415,6,111,GROCERIES,1698.67,2026-02-04,Turkmenistan,international,completed
10000416,6,152,CLOTHING,1508.69,2026-01-19,Mumbai,in_store,completed
10000417,6,194,FAST_FOOD,2215.06,2026-02-02,Mumbai,online,completed
10000418,6,15,UTILITIES,1469.41,2026-01-28,Mumbai,in_store,completed
10000419,6,9,UTILITIES,3452.67,2026-02-02,Mumbai,contactless,completed
10000420,6,145,CLOTHING,3425.0,2026-01-28,Mumbai,contactless,pending
10000421,6,152,CLOTHING,1737.65,2026-01-21,Mumbai,contactless,completed
10000422,6,138,FAST_FOOD,977.52,2026-02-08,Mumbai,online,completed
10000423,6,132,ENTERTAINMENT,1803.3,2026-03-06,Mumbai,online,completed
10000424,6,15,UTILITIES,1860.02,2026-02-23,Mumbai,contactless,completed
10000425,6,77,FAST_FOOD,1924.37,2026-02-20,Mumbai,in_store,completed
10000426,6,134,GROCERIES,1162.0,2026-02-07,Mumbai,in_store,completed
10000427,6,23,CLOTHING,1062.19,2026-02-19,Mumbai,online,completed
10000428,6,192,UTILITIES,1788.27,2026-02-12,Mumbai,in_store,completed
10000429,6,192,UTILITIES,3454.97,2026-02-28,Mumbai,online,completed
10000430,6,191,ENTERTAINMENT,1271.48,2026-03-19,Mumbai,online,completed
10000431,6,126,GAS_STATIONS,3404.34,2026-03-17,Mumbai,online,completed
10000432,6,150,CLOTHING,2429.1,2026-03-26,Mumbai,online,completed
10000433,6,133,GAS_STATIONS,2018.95,2026-03-09,Mumbai,in_store,pending
10000434,6,133,GAS_STATIONS,996.43,2026-03-12,Mumbai,online,completed
10000435,6,126,GAS_STATIONS,2448.85,2026-04-25,Mumbai,online,completed
10000436,6,21,FAST_FOOD,2614.63,2026-04-08,Mumbai,online,completed
10000437,6,120,ENTERTAINMENT,3752.59,2026-04-16,Mumbai,online,completed
10000438,6,133,GAS_STATIONS,2244.98,2026-04-16,Mumbai,in_store,completed
10000439,6,156,CLOTHING,3720.47,2026-04-27,Mumbai,online,completed
10000440,6,115,DINING,4190.58,2026-04-26,Mumbai,in_store,completed
10000441,6,32,ENTERTAINMENT,3845.66,2026-04-12,Mumbai,contactless,completed
10000442,6,134,GROCERIES,4182.14,2026-04-16,Mumbai,online,completed
10000443,6,72,UTILITIES,2440.07,2026-05-13,Mumbai,online,pending
10000444,6,71,UTILITIES,1218.4,2026-05-31,Mumbai,online,completed
10000445,6,131,CLOTHING,2216.6,2026-05-08,Mumbai,online,completed
10000446,6,72,UTILITIES,1459.28,2026-05-19,Mumbai,online,completed
10000447,6,23,CLOTHING,2011.98,2026-05-27,Falkland Islands (Malvinas),international,completed
10000448,7,156,CLOTHING,426.59,2025-06-30,Chennai,contactless,completed
10000449,7,192,UTILITIES,1350.96,2025-06-12,Chennai,contactless,completed
10000450,7,145,CLOTHING,1243.83,2025-06-06,Chennai,in_store,completed
10000451,7,134,GROCERIES,1670.18,2025-07-04,Chennai,online,completed
10000452,7,133,GAS_STATIONS,2423.54,2025-07-04,Chennai,online,completed
10000453,7,192,UTILITIES,2384.54,2025-07-17,Chennai,in_store,completed
10000454,7,9,UTILITIES,1982.08,2025-07-19,Chennai,online,completed
10000455,7,31,GROCERIES,996.11,2025-07-11,Chennai,online,completed
10000456,7,131,CLOTHING,1063.3,2025-07-22,Chennai,contactless,completed
10000457,7,152,CLOTHING,1613.58,2025-08-30,Chennai,online,completed
10000458,7,148,DINING,1123.86,2025-08-24,Chennai,contactless,completed
10000459,7,148,DINING,2104.25,2025-08-31,Chennai,contactless,completed
10000460,7,132,ENTERTAINMENT,1204.77,2025-08-23,Chennai,in_store,completed
10000461,7,192,UTILITIES,1245.82,2025-08-10,Chennai,contactless,completed
10000462,7,10,FAST_FOOD,1275.4,2025-09-14,Chennai,contactless,completed
10000463,7,158,GAS_STATIONS,2026.16,2025-09-15,Chennai,online,completed
10000464,7,37,FAST_FOOD,784.31,2025-09-20,Chennai,contactless,completed
10000465,7,192,UTILITIES,1022.32,2025-09-08,Chennai,online,completed
10000466,7,120,ENTERTAINMENT,801.69,2025-09-06,Chennai,in_store,completed
10000467,7,134,GROCERIES,1082.81,2025-09-28,Chennai,in_store,completed
10000468,7,81,DINING,2333.45,2025-10-02,Chennai,online,completed
10000469,7,135,GROCERIES,2312.66,2025-10-09,Chennai,contactless,completed
10000470,7,115,DINING,1369.98,2025-10-17,Chennai,contactless,completed
10000471,7,111,GROCERIES,1512.88,2025-11-02,Chennai,in_store,completed
10000472,7,131,CLOTHING,2290.96,2025-11-02,Chennai,online,completed
10000473,7,83,DINING,1368.66,2025-10-18,Chennai,in_store,completed
10000474,7,150,CLOTHING,2551.63,2025-10-16,Chennai,online,completed
10000475,7,103,CLOTHING,1805.92,2025-10-29,Chennai,contactless,reversed
10000476,7,122,CLOTHING,2215.2,2025-10-16,Chennai,in_store,completed
10000477,7,158,GAS_STATIONS,978.64,2025-11-27,Chennai,online,pending
10000478,7,132,ENTERTAINMENT,412.78,2025-11-23,Chennai,online,completed
10000479,7,136,CLOTHING,2224.42,2025-11-07,Chennai,in_store,completed
10000480,7,148,DINING,2078.09,2025-11-23,Chennai,in_store,completed
10000481,7,9,UTILITIES,2114.86,2025-11-07,Chennai,online,completed
10000482,7,185,GAS_STATIONS,882.11,2025-11-18,Chennai,online,completed
10000483,7,185,GAS_STATIONS,994.19,2025-12-10,Chennai,online,completed
10000484,7,132,ENTERTAINMENT,1259.96,2025-12-22,Chennai,online,completed
10000485,7,152,CLOTHING,1917.69,2025-12-15,Chennai,online,completed
10000486,7,136,CLOTHING,1306.4,2025-12-28,Chennai,in_store,completed
10000487,7,23,CLOTHING,915.39,2025-12-12,Chennai,contactless,completed
10000488,7,15,UTILITIES,392.16,2026-01-04,Chennai,online,pending
10000489,7,105,GROCERIES,1534.78,2025-12-24,Chennai,contactless,completed
10000490,7,140,ENTERTAINMENT,1586.77,2026-01-21,Chennai,in_store,completed
10000491,7,35,FAST_FOOD,1440.26,2026-01-21,Chennai,online,pending
10000492,7,152,CLOTHING,1953.89,2026-01-27,Chennai,contactless,reversed
10000493,7,9,UTILITIES,465.01,2026-02-02,Chennai,in_store,completed
10000494,7,133,GAS_STATIONS,789.59,2026-01-17,Chennai,contactless,completed
10000495,7,122,CLOTHING,1530.28,2026-02-20,Chennai,online,completed
10000496,7,23,CLOTHING,1862.0,2026-02-17,Chennai,in_store,completed
10000497,7,126,GAS_STATIONS,1014.86,2026-02-08,Chennai,contactless,completed
10000498,7,13,FAST_FOOD,322.9,2026-02-11,Chennai,online,completed
10000499,7,81,DINING,1123.26,2026-02-06,Moldova,international,completed
10000500,7,115,DINING,425.96,2026-02-17,Chennai,in_store,completed
10000501,7,150,CLOTHING,2660.91,2026-03-03,Chennai,online,completed
10000502,7,72,UTILITIES,976.38,2026-03-24,Chennai,online,completed
10000503,7,32,ENTERTAINMENT,412.94,2026-03-16,Chennai,online,completed
10000504,7,16,ENTERTAINMENT,1754.15,2026-03-27,Chennai,in_store,completed
10000505,7,158,GAS_STATIONS,1648.64,2026-03-11,Chennai,online,completed
10000506,7,153,FAST_FOOD,1338.82,2026-04-06,Chennai,in_store,completed
10000507,7,46,FAST_FOOD,1523.18,2026-03-17,Chennai,contactless,completed
10000508,7,150,CLOTHING,1776.17,2026-04-03,Chennai,contactless,pending
10000509,7,192,UTILITIES,1613.53,2026-04-26,Chennai,contactless,completed
10000510,7,115,DINING,1691.59,2026-04-27,Chennai,online,completed
10000511,7,158,GAS_STATIONS,2697.1,2026-04-07,Chennai,online,completed
10000512,7,32,ENTERTAINMENT,1374.12,2026-04-15,Chennai,in_store,completed
10000513,7,17,DINING,921.1,2026-04-19,Chennai,online,completed
10000514,7,13,FAST_FOOD,1433.34,2026-04-27,Chennai,in_store,completed
10000515,7,133,GAS_STATIONS,1670.05,2026-04-27,Chennai,contactless,completed
10000516,7,122,CLOTHING,2576.09,2026-05-26,Chennai,online,completed
10000517,7,75,ENTERTAINMENT,2561.69,2026-05-17,Chennai,contactless,completed
10000518,7,75,ENTERTAINMENT,1379.86,2026-05-09,Chennai,in_store,completed
10000519,7,148,DINING,2381.23,2026-05-14,Algeria,international,completed
10000520,7,9,UTILITIES,1273.55,2026-05-14,Chennai,online,pending
10000521,8,23,CLOTHING,7480.0,2025-07-05,Mumbai,in_store,completed
10000522,8,34,FAST_FOOD,2745.08,2025-06-24,Mumbai,online,completed
10000523,8,70,ENTERTAINMENT,8836.1,2025-06-24,Mumbai,online,completed
10000524,8,9,UTILITIES,1663.94,2025-06-08,Mumbai,contactless,completed
10000525,8,158,GAS_STATIONS,10881.36,2025-06-14,Mumbai,in_store,completed
10000526,8,71,UTILITIES,11059.74,2025-06-27,Mumbai,online,completed
10000527,8,80,ENTERTAINMENT,4192.6,2025-06-26,Mumbai,in_store,completed
10000528,8,97,FAST_FOOD,3724.91,2025-07-02,Mumbai,online,completed
10000529,8,136,CLOTHING,11861.18,2025-08-03,Mumbai,online,completed
10000530,8,65,FAST_FOOD,6901.32,2025-07-18,Mumbai,contactless,completed
10000531,8,185,GAS_STATIONS,2609.39,2025-07-10,Mumbai,in_store,completed
10000532,8,186,DINING,10118.02,2025-08-02,Mumbai,online,completed
10000533,8,156,CLOTHING,4471.58,2025-07-24,Mumbai,online,completed
10000534,8,150,FAST_FOOD,5375.88,2025-07-26,Mumbai,contactless,completed
10000535,8,20,GROCERIES,2119.89,2025-09-03,Mumbai,online,completed
10000536,8,71,UTILITIES,10467.57,2025-08-06,Mumbai,online,completed
10000537,8,192,UTILITIES,3807.1,2025-08-17,Mumbai,online,pending
10000538,8,71,UTILITIES,10852.38,2025-08-23,Mumbai,in_store,completed
10000539,8,40,DINING,4399.22,2025-08-22,Mumbai,in_store,completed
10000540,8,17,FAST_FOOD,6070.68,2025-09-02,Mumbai,in_store,completed
10000541,8,83,DINING,8653.71,2025-08-23,Mumbai,in_store,completed
10000542,8,87,ENTERTAINMENT,1864.25,2025-09-20,Mumbai,contactless,completed
10000543,8,131,CLOTHING,12753.91,2025-09-08,Mumbai,in_store,completed
10000544,8,83,DINING,3889.12,2025-10-04,Mumbai,online,completed
10000545,8,133,GAS_STATIONS,12032.31,2025-09-29,Mumbai,online,completed
10000546,8,15,UTILITIES,4062.51,2025-09-25,Mumbai,in_store,completed
10000547,8,134,GROCERIES,7609.62,2025-10-02,Mumbai,online,completed
10000548,8,87,ENTERTAINMENT,12956.0,2025-09-29,Mumbai,contactless,completed
10000549,8,70,ENTERTAINMENT,7571.11,2025-10-29,Mumbai,contactless,completed
10000550,8,16,ENTERTAINMENT,1651.16,2025-10-19,Mumbai,in_store,completed
10000551,8,132,ENTERTAINMENT,2230.87,2025-10-22,Mumbai,in_store,completed
10000552,8,83,DINING,4210.08,2025-10-25,Mumbai,online,completed
10000553,8,104,FAST_FOOD,5149.14,2025-10-27,Mumbai,contactless,completed
10000554,8,189,FAST_FOOD,13306.88,2025-10-31,Mumbai,contactless,completed
10000555,8,58,GROCERIES,2752.98,2025-11-14,Mumbai,in_store,completed
10000556,8,81,DINING,3376.35,2025-11-15,Mumbai,contactless,completed
10000557,8,140,ENTERTAINMENT,1524.92,2025-11-18,Mumbai,online,completed
10000558,8,132,ENTERTAINMENT,12168.01,2025-12-05,Mumbai,in_store,completed
10000559,8,87,ENTERTAINMENT,6835.53,2025-11-07,Mumbai,online,completed
10000560,8,71,UTILITIES,5222.82,2025-11-18,Mumbai,online,completed
10000561,8,116,CLOTHING,2132.64,2025-11-30,Mumbai,in_store,completed
10000562,8,152,CLOTHING,12632.95,2025-11-12,Mumbai,contactless,completed
10000563,8,158,GAS_STATIONS,10810.53,2025-12-19,Mumbai,contactless,completed
10000564,8,135,GROCERIES,6763.79,2025-12-30,Mumbai,online,completed
10000565,8,158,GAS_STATIONS,9256.89,2025-12-22,Mumbai,in_store,completed
10000566,8,140,ENTERTAINMENT,11384.96,2025-12-12,Mumbai,online,completed
10000567,8,116,CLOTHING,5011.86,2025-12-24,Mumbai,in_store,completed
10000568,8,87,ENTERTAINMENT,13488.59,2025-12-21,Mumbai,online,completed
10000569,8,32,ENTERTAINMENT,12025.53,2026-01-07,Mumbai,in_store,completed
10000570,8,158,GAS_STATIONS,12427.98,2026-02-01,Mumbai,in_store,completed
10000571,8,158,GAS_STATIONS,9012.66,2026-01-25,Mumbai,online,completed
10000572,8,85,FAST_FOOD,4138.34,2026-02-01,Mumbai,in_store,completed
10000573,8,83,DINING,6120.7,2026-02-01,Mumbai,contactless,completed
10000574,8,71,UTILITIES,6947.11,2026-01-20,Mumbai,in_store,completed
10000575,8,31,FAST_FOOD,9169.29,2026-02-26,Mumbai,online,reversed
10000576,8,14,FAST_FOOD,10969.15,2026-02-07,Mumbai,in_store,completed
10000577,8,156,CLOTHING,9860.27,2026-02-10,Mumbai,in_store,completed
10000578,8,192,UTILITIES,13207.22,2026-02-10,Mumbai,online,completed
10000579,8,135,GROCERIES,12051.89,2026-02-22,Mumbai,in_store,completed
10000580,8,126,GAS_STATIONS,13289.79,2026-03-04,Mumbai,contactless,completed
10000581,8,145,CLOTHING,4051.97,2026-02-07,Mumbai,online,completed
10000582,8,71,UTILITIES,7012.12,05/03/2026,Mumbai,online,completed
10000583,8,14,FAST_FOOD,12642.67,2026-03-13,Mumbai,in_store,completed
10000584,8,116,CLOTHING,12677.75,2026-03-29,Mumbai,online,completed
10000585,8,133,GAS_STATIONS,7234.41,2026-03-10,Mumbai,online,completed
10000586,8,148,DINING,9894.41,2026-03-20,Mumbai,online,completed
10000587,8,72,UTILITIES,3003.01,2026-03-12,Mumbai,in_store,completed
10000588,8,158,GAS_STATIONS,3176.31,2026-03-12,Mumbai,in_store,pending
10000589,8,116,CLOTHING,7011.64,2026-03-23,Mumbai,online,completed
10000590,8,103,CLOTHING,8373.13,2026-05-02,Mumbai,online,completed
10000591,8,86,FAST_FOOD,4418.16,2026-04-14,Mumbai,in_store,completed
10000592,8,70,ENTERTAINMENT,4551.11,2026-04-27,Mumbai,in_store,completed
10000593,8,17,DINING,2085.2,2026-04-30,Mumbai,contactless,completed
10000594,8,135,GROCERIES,7824.6,2026-05-01,Mumbai,in_store,completed
10000595,8,81,DINING,10229.43,2026-06-05,Mumbai,contactless,completed
10000596,8,116,CLOTHING,2184.03,2026-05-12,Mumbai,in_store,completed
10000597,8,15,UTILITIES,7805.34,2026-05-23,Mumbai,online,completed
10000598,8,196,FAST_FOOD,5420.87,2026-05-28,Mumbai,online,completed
10000599,8,103,CLOTHING,13098.71,2026-05-31,Mumbai,in_store,completed
10000600,9,185,GAS_STATIONS,3362.48,2025-07-03,Pune,in_store,completed
10000601,9,120,ENTERTAINMENT,1909.92,2025-06-15,Pune,online,completed
10000602,9,110,FAST_FOOD,3536.96,2025-06-30,Pune,in_store,completed
10000603,9,99,FAST_FOOD,1236.41,2025-06-15,Pune,online,completed
10000604,9,20,GROCERIES,1789.3,2025-07-04,Pune,contactless,completed
10000605,9,15,UTILITIES,3837.83,2025-06-23,Pune,online,completed
10000606,9,87,ENTERTAINMENT,4301.23,2025-06-12,Pune,online,completed
10000607,9,111,GROCERIES,632.05,2025-07-07,Maldives,international,completed
10000608,9,152,CLOTHING,3348.88,2025-07-09,Pune,online,completed
10000609,9,126,GAS_STATIONS,692.32,2025-07-18,Pune,in_store,completed
10000610,9,16,ENTERTAINMENT,3535.91,2025-07-16,Pune,in_store,completed
10000611,9,75,ENTERTAINMENT,3514.88,2026-07-15,Pune,online,completed
10000612,9,158,GAS_STATIONS,3233.72,2025-07-21,Pune,in_store,completed
10000613,9,47,DINING,2291.89,2025-08-09,Pune,in_store,pending
10000614,9,134,GROCERIES,4435.72,2025-08-23,Pune,contactless,completed
10000615,9,192,UTILITIES,1509.29,2025-08-12,Pune,contactless,completed
10000616,9,47,DINING,1286.67,2025-08-31,Pune,contactless,completed
10000617,9,20,GROCERIES,1392.35,2025-08-12,Pune,in_store,completed
10000618,9,83,DINING,2583.54,2025-09-02,Pune,in_store,completed
10000619,9,187,FAST_FOOD,2798.33,2025-09-30,Pune,in_store,completed
10000620,9,192,UTILITIES,1065.53,2025-09-10,Pune,online,completed
10000621,9,71,UTILITIES,3860.08,2025-09-25,Pune,in_store,completed
10000622,9,176,FAST_FOOD,3785.89,2025-09-25,Pune,online,completed
10000623,9,158,GAS_STATIONS,1417.57,2025-09-27,Pune,online,completed
10000624,9,92,FAST_FOOD,1564.41,2025-09-20,Pune,online,completed
10000625,9,122,CLOTHING,2542.08,2025-09-21,Pune,online,completed
10000626,9,185,GAS_STATIONS,1233.69,2025-10-10,Pune,online,completed
10000627,9,58,GROCERIES,4442.4,2025-10-06,Pune,in_store,completed
10000628,9,133,GAS_STATIONS,1600.1,2025-10-25,Pune,online,completed
10000629,9,126,GAS_STATIONS,2031.33,2025-10-23,Pune,in_store,completed
10000630,9,192,UTILITIES,2793.73,2025-11-08,Pune,online,completed
10000631,9,126,GAS_STATIONS,1199.13,2025-11-16,Pune,contactless,completed
10000632,9,17,DINING,2396.31,2025-11-06,Pune,contactless,completed
10000633,9,164,FAST_FOOD,3032.71,2025-12-04,Pune,in_store,completed
10000634,9,186,DINING,3665.45,2025-11-29,Pune,in_store,completed
10000635,9,9,UTILITIES,1084.39,2025-11-23,Pune,contactless,completed
10000636,9,9,UTILITIES,4419.21,2025-11-19,Pune,contactless,completed
10000637,9,32,ENTERTAINMENT,4138.26,2025-12-15,Pune,online,completed
10000638,9,16,ENTERTAINMENT,3721.98,2025-12-30,Pune,online,completed
10000639,9,31,GROCERIES,4361.79,2025-12-06,Pune,contactless,completed
10000640,9,114,FAST_FOOD,3020.7,2025-12-17,Yemen,international,completed
10000641,9,32,FAST_FOOD,1154.92,2025-12-15,Pune,online,completed
10000642,9,71,UTILITIES,3626.92,2025-12-17,Pune,online,completed
10000643,9,180,FAST_FOOD,1868.9,2025-12-14,Comoros,international,completed
10000644,9,133,GAS_STATIONS,3335.86,2025-12-30,Pune,contactless,completed
10000645,9,16,ENTERTAINMENT,780.27,2026-01-07,Pune,online,completed
10000646,9,148,DINING,3646.02,2026-01-17,Pune,online,completed
10000647,9,32,ENTERTAINMENT,2283.55,2026-01-10,Pune,in_store,completed
10000648,9,140,ENTERTAINMENT,1943.23,2026-01-16,Pune,contactless,completed
10000649,9,47,DINING,637.61,2026-02-17,Pune,in_store,completed
10000650,9,27,FAST_FOOD,3685.56,2026-02-10,Pune,in_store,completed
10000651,9,192,UTILITIES,3359.81,2026-02-21,Pune,online,completed
10000652,9,105,GROCERIES,1077.25,2026-02-22,Pune,online,completed
10000653,9,31,GROCERIES,1608.58,2026-02-26,Pune,in_store,completed
10000654,9,51,FAST_FOOD,1780.06,2026-03-05,Pune,in_store,completed
10000655,9,15,UTILITIES,3906.33,2026-03-26,Pune,contactless,completed
10000656,9,131,CLOTHING,576.4,2026-03-22,Pune,in_store,completed
10000657,9,152,CLOTHING,2241.17,2026-04-02,Pune,in_store,completed
10000658,9,158,GAS_STATIONS,2190.75,2026-04-05,Pune,in_store,completed
10000659,9,120,ENTERTAINMENT,1432.08,2026-04-07,Pune,contactless,completed
10000660,9,47,DINING,1906.88,2026-04-18,Pune,in_store,completed
10000661,9,135,GROCERIES,2162.51,2026-04-23,Pune,online,completed
10000662,9,185,GAS_STATIONS,2664.95,2026-04-07,Pune,online,completed
10000663,9,81,DINING,3007.21,2026-04-27,Pune,online,reversed
10000664,9,20,GROCERIES,2266.02,2026-05-02,Pune,online,completed
10000665,9,32,ENTERTAINMENT,502.99,2026-05-13,Pune,in_store,completed
10000666,9,135,GROCERIES,1269.26,2026-06-04,Pune,in_store,completed
10000667,9,126,GAS_STATIONS,3826.9,2026-05-13,Pune,in_store,completed
10000668,9,152,CLOTHING,3026.18,2026-05-19,Pune,in_store,completed
10000669,9,31,GROCERIES,1097.75,2026-05-14,Pune,contactless,completed
10000670,10,81,DINING,3077.25,2025-06-26,Ahmedabad,online,completed
10000671,10,76,FAST_FOOD,7571.41,2025-06-30,Ahmedabad,in_store,completed
10000672,10,170,DINING,3650.79,2025-06-11,Ahmedabad,online,completed
10000673,10,31,GROCERIES,2954.91,2025-06-28,Ahmedabad,in_store,completed
10000674,10,116,CLOTHING,3106.38,2025-06-12,Belize,international,pending
10000675,10,23,CLOTHING,4353.3,2025-08-05,Dominican Republic,international,completed
10000676,10,131,CLOTHING,7325.78,2025-08-04,Ahmedabad,online,completed
10000677,10,115,DINING,3829.67,2025-07-19,Ahmedabad,online,completed
10000678,10,190,FAST_FOOD,5830.02,2025-07-17,Ahmedabad,online,completed
10000679,10,31,GROCERIES,7560.46,2025-08-15,Ahmedabad,online,completed
10000680,10,23,CLOTHING,3337.25,2025-08-24,Ahmedabad,online,completed
10000681,10,33,GROCERIES,3837.15,2025-08-24,Saint Helena,international,completed
10000682,10,70,ENTERTAINMENT,1126.89,2025-08-30,Ahmedabad,online,completed
10000683,10,115,DINING,3554.82,2025-08-23,Ahmedabad,contactless,completed
10000684,10,160,FAST_FOOD,6978.14,2025-08-26,Ahmedabad,online,completed
10000685,10,40,DINING,4383.92,2025-08-17,Ahmedabad,contactless,completed
10000686,10,115,DINING,2452.39,2025-09-25,Ahmedabad,contactless,completed
10000687,10,126,GAS_STATIONS,6696.86,2025-09-19,Ahmedabad,contactless,completed
10000688,10,103,FAST_FOOD,2216.83,2025-09-16,Ahmedabad,in_store,completed
10000689,10,70,FAST_FOOD,2869.5,2025-09-06,Ahmedabad,online,pending
10000690,10,145,CLOTHING,1221.03,2025-10-03,Ahmedabad,online,completed
10000691,10,132,ENTERTAINMENT,7612.32,2025-11-01,Ahmedabad,in_store,completed
10000692,10,145,CLOTHING,7763.88,2025-10-10,Ahmedabad,contactless,completed
10000693,10,70,ENTERTAINMENT,1419.93,2025-11-03,Ahmedabad,in_store,completed
10000694,10,33,GROCERIES,4394.09,2025-10-31,Ahmedabad,online,completed
10000695,10,16,ENTERTAINMENT,7181.24,2025-11-10,Ahmedabad,in_store,completed
10000696,10,116,CLOTHING,5530.04,2025-11-24,Ahmedabad,contactless,completed
10000697,10,134,GROCERIES,2723.03,2025-11-12,Ahmedabad,contactless,completed
10000698,10,72,UTILITIES,7627.83,2025-11-26,Ahmedabad,online,completed
10000699,10,156,CLOTHING,1853.79,2025-11-06,Ahmedabad,in_store,completed
10000700,10,132,ENTERTAINMENT,2776.86,2025-11-23,Ahmedabad,online,completed
10000701,10,185,GAS_STATIONS,7506.32,2025-12-19,Ahmedabad,contactless,completed
10000702,10,136,CLOTHING,1828.1,2025-12-17,Ahmedabad,in_store,completed
10000703,10,9,UTILITIES,7817.97,2025-12-18,Ahmedabad,contactless,completed
10000704,10,116,CLOTHING,5502.25,2025-12-22,Ahmedabad,online,completed
10000705,10,125,FAST_FOOD,3672.76,2026-01-22,Ahmedabad,in_store,completed
10000706,10,134,GROCERIES,3978.3,2026-01-28,Ahmedabad,online,completed
10000707,10,12,FAST_FOOD,7042.87,2026-01-28,Ahmedabad,in_store,completed
10000708,10,105,GROCERIES,7640.37,2026-01-26,Ahmedabad,in_store,completed
10000709,10,87,ENTERTAINMENT,4710.73,2026-01-19,Ahmedabad,in_store,completed
10000710,10,58,GROCERIES,4430.25,2026-02-22,Ahmedabad,contactless,completed
10000711,10,87,ENTERTAINMENT,5132.9,2026-02-22,Ahmedabad,contactless,completed
10000712,10,192,UTILITIES,2616.03,2026-02-23,Ahmedabad,contactless,completed
10000713,10,191,ENTERTAINMENT,4913.57,2026-02-24,Ireland,international,completed
10000714,10,134,GROCERIES,3096.72,2026-02-15,Ahmedabad,online,completed
10000715,10,75,ENTERTAINMENT,1153.15,2026-02-21,Ahmedabad,online,completed
10000716,10,89,FAST_FOOD,1490.48,2026-02-12,Ahmedabad,online,completed
10000717,10,120,ENTERTAINMENT,3616.91,2026-02-15,Ahmedabad,online,completed
10000718,10,126,GAS_STATIONS,6163.27,2026-03-27,Ahmedabad,online,completed
10000719,10,33,GROCERIES,3916.32,2026-03-13,Ahmedabad,contactless,completed
10000720,10,72,UTILITIES,7706.21,2026-03-08,Ahmedabad,contactless,completed
10000721,10,150,CLOTHING,7038.31,2026-03-20,Ahmedabad,online,completed
10000722,10,116,CLOTHING,6810.62,2026-03-21,Ahmedabad,in_store,completed
10000723,10,135,GROCERIES,1811.79,2026-04-05,Ahmedabad,online,completed
10000724,10,81,DINING,1790.57,2026-04-22,Ahmedabad,in_store,completed
10000725,10,83,DINING,7547.66,2026-05-03,Ahmedabad,in_store,completed
10000726,10,58,GROCERIES,4453.51,2026-05-02,Ahmedabad,in_store,completed
10000727,10,72,UTILITIES,5738.83,2026-04-28,Ahmedabad,online,completed
10000728,10,61,FAST_FOOD,3660.39,2026-04-09,Ahmedabad,contactless,completed
10000729,10,135,GROCERIES,3060.48,2026-06-06,Ahmedabad,online,completed
10000730,10,147,FAST_FOOD,2345.13,2026-05-12,Ahmedabad,contactless,completed
10000731,10,23,FAST_FOOD,1029.81,2026-05-19,Ahmedabad,online,completed
10000732,10,150,CLOTHING,1706.48,2026-05-25,Ahmedabad,contactless,completed
10000733,10,81,FAST_FOOD,3504.0,2026-06-04,Ahmedabad,online,completed
10000734,10,135,GROCERIES,6347.08,2026-05-12,Ahmedabad,online,completed
10000735,10,16,ENTERTAINMENT,5400.66,2026-05-17,Ahmedabad,contactless,completed
10000736,11,134,GROCERIES,420.78,2025-06-08,Mumbai,online,completed
10000737,11,10,FAST_FOOD,786.9,2025-06-12,Mumbai,in_store,reversed
10000738,11,192,UTILITIES,2306.59,2025-06-21,Mumbai,online,completed
10000739,11,31,GROCERIES,2051.82,2025-06-23,Mumbai,contactless,completed
10000740,11,156,CLOTHING,1277.78,2025-06-13,Liechtenstein,international,completed
10000741,11,71,UTILITIES,1026.3,2025-07-01,Mumbai,in_store,completed
10000742,11,192,UTILITIES,2307.46,2025-06-22,Mumbai,in_store,completed
10000743,11,185,GAS_STATIONS,709.95,2025-07-18,Mumbai,online,completed
10000744,11,115,DINING,1518.61,2025-07-29,Mumbai,in_store,completed
10000745,11,23,CLOTHING,352.76,2025-07-20,Mumbai,contactless,completed
10000746,11,122,CLOTHING,515.57,2025-07-25,Mumbai,online,completed
10000747,11,150,CLOTHING,1842.74,2025-07-30,Mumbai,contactless,completed
10000748,11,186,DINING,1832.81,2025-07-17,Mumbai,online,completed
10000749,11,156,CLOTHING,2592.15,2025-08-30,Mumbai,in_store,completed
10000750,11,72,UTILITIES,2508.1,2025-08-26,Mumbai,in_store,completed
10000751,11,87,ENTERTAINMENT,2524.0,2025-09-03,Mumbai,in_store,completed
10000752,11,132,ENTERTAINMENT,422.94,2025-09-02,Mumbai,in_store,completed
10000753,11,31,GROCERIES,884.47,2025-08-13,Mumbai,contactless,completed
10000754,11,122,CLOTHING,668.19,2025-08-07,Mumbai,online,completed
10000755,11,111,GROCERIES,2173.37,2025-08-30,Mumbai,online,completed
10000756,11,83,DINING,723.46,2025-09-19,Moldova,international,completed
10000757,11,192,UTILITIES,1236.57,2025-09-17,Mumbai,in_store,completed
10000758,11,40,DINING,1502.79,2025-09-08,Mumbai,online,pending
10000759,11,33,GROCERIES,1846.11,2025-09-24,Mumbai,in_store,completed
10000760,11,36,FAST_FOOD,1897.99,2025-09-12,Mumbai,online,completed
10000761,11,145,CLOTHING,2077.22,2025-09-24,Mumbai,contactless,completed
10000762,11,105,GROCERIES,750.07,2025-09-21,Mumbai,online,completed
10000763,11,15,UTILITIES,2440.5,2025-10-24,Mumbai,online,completed
10000764,11,126,GAS_STATIONS,1260.79,2025-10-15,Mumbai,in_store,completed
10000765,11,145,CLOTHING,1915.47,2025-10-26,Senegal,international,completed
10000766,11,185,GAS_STATIONS,2343.69,2025-10-24,Mumbai,online,pending
10000767,11,122,CLOTHING,1502.1,2025-11-21,Dominican Republic,international,completed
10000768,11,87,ENTERTAINMENT,2458.83,2025-11-13,Mumbai,contactless,completed
10000769,11,134,GROCERIES,457.5,2025-11-20,Mumbai,in_store,completed
10000770,11,31,GROCERIES,2160.2,2025-11-28,Mumbai,in_store,completed
10000771,11,150,CLOTHING,767.86,2025-11-11,Mumbai,contactless,completed
10000772,11,169,FAST_FOOD,449.87,2025-12-02,Mumbai,online,completed
10000773,11,192,UTILITIES,1337.08,2025-12-22,Portugal,international,completed
10000774,11,185,GAS_STATIONS,2087.03,2025-12-29,Lebanon,international,completed
10000775,11,20,GROCERIES,2383.44,2025-12-27,Mumbai,contactless,completed
10000776,11,72,UTILITIES,1985.18,2025-12-28,Mumbai,online,completed
10000777,11,156,CLOTHING,1362.37,2025-12-21,Mumbai,in_store,completed
10000778,11,131,FAST_FOOD,1657.45,2025-12-11,Mumbai,in_store,completed
10000779,11,116,CLOTHING,1562.27,2025-12-07,Mumbai,contactless,completed
10000780,11,191,ENTERTAINMENT,1461.24,2025-12-20,Mumbai,in_store,completed
10000781,11,133,GAS_STATIONS,766.71,2026-02-02,Mumbai,in_store,completed
10000782,11,134,GROCERIES,370.32,2026-01-10,Mumbai,in_store,completed
10000783,11,191,ENTERTAINMENT,484.14,2026-01-06,Mumbai,in_store,completed
10000784,11,71,UTILITIES,2581.79,2026-01-14,Mumbai,in_store,completed
10000785,11,72,UTILITIES,390.16,2026-02-21,Mumbai,in_store,completed
10000786,11,156,FAST_FOOD,1311.63,2026-02-11,Mumbai,online,completed
10000787,11,75,ENTERTAINMENT,755.84,2026-02-05,Mumbai,in_store,completed
10000788,11,148,DINING,552.53,2026-02-28,Mumbai,in_store,completed
10000789,11,83,DINING,475.4,2026-03-27,Mumbai,online,pending
10000790,11,35,FAST_FOOD,943.8,2026-03-08,Oman,international,completed
10000791,11,185,GAS_STATIONS,390.07,2026-03-14,Mumbai,in_store,completed
10000792,11,192,UTILITIES,1374.0,2026-03-23,Rwanda,international,completed
10000793,11,186,UNKNOWN_RETAIL_ANOMALY,1916.66,2026-03-20,Mumbai,online,completed
10000794,11,136,CLOTHING,1599.83,2026-03-24,Mumbai,in_store,completed
10000795,11,140,ENTERTAINMENT,1156.25,2026-04-04,Mumbai,online,completed
10000796,11,75,ENTERTAINMENT,1893.63,2026-04-16,Mumbai,online,completed
10000797,11,133,GAS_STATIONS,1925.91,2026-04-22,Mumbai,in_store,completed
10000798,11,71,UTILITIES,2286.26,2026-04-19,Liechtenstein,international,completed
10000799,11,87,ENTERTAINMENT,716.81,2026-04-11,Mumbai,in_store,completed
10000800,11,70,ENTERTAINMENT,1403.08,2026-04-21,Mumbai,in_store,completed
10000801,11,70,ENTERTAINMENT,938.66,2026-04-19,Mumbai,contactless,completed
10000802,11,192,UTILITIES,1292.8,2026-04-14,Mumbai,contactless,completed
10000803,11,87,ENTERTAINMENT,966.94,2026-05-19,Mumbai,in_store,completed
10000804,11,32,ENTERTAINMENT,2504.99,2026-05-30,Mumbai,in_store,completed
10000805,11,136,CLOTHING,788.43,2026-06-06,Mumbai,contactless,completed
10000806,11,72,UTILITIES,1554.5,2026-05-26,Mumbai,online,completed
10000807,11,192,UTILITIES,2557.66,2026-06-05,Mumbai,online,completed
10000808,12,120,ENTERTAINMENT,2084.22,2025-06-28,Pune,online,completed
10000809,12,140,ENTERTAINMENT,3599.71,2025-06-17,Pune,in_store,completed
10000810,12,148,DINING,4453.48,2025-06-11,Pune,in_store,completed
10000811,12,23,CLOTHING,2846.99,2025-06-11,Pune,online,completed
10000812,12,9,UTILITIES,3567.4,2025-06-21,Pune,online,completed
10000813,12,134,GROCERIES,3439.05,2025-06-27,Pune,online,completed
10000814,12,126,GAS_STATIONS,3598.61,2025-06-26,Pune,in_store,completed
10000815,12,16,ENTERTAINMENT,1004.55,2025-08-01,Pune,in_store,completed
10000816,12,158,GAS_STATIONS,3391.36,2025-07-14,Pune,online,completed
10000817,12,116,CLOTHING,4497.87,2025-07-24,Pune,in_store,completed
10000818,12,83,DINING,2706.75,2025-08-02,Pune,contactless,reversed
10000819,12,126,GAS_STATIONS,1781.19,2025-08-27,Pune,contactless,completed
10000820,12,80,ENTERTAINMENT,3384.9,2025-08-30,Pune,online,completed
10000821,12,126,GAS_STATIONS,1560.91,2025-08-22,Pune,in_store,completed
10000822,12,170,DINING,2447.0,2025-08-15,Pune,in_store,completed
10000823,12,58,GROCERIES,1545.59,2025-10-02,Pune,contactless,completed
10000824,12,140,ENTERTAINMENT,2296.33,2025-09-15,Pune,contactless,completed
10000825,12,61,FAST_FOOD,4198.63,2025-09-20,Pune,in_store,completed
10000826,12,71,UTILITIES,3498.46,2025-09-27,Pune,in_store,completed
10000827,12,16,ENTERTAINMENT,2990.3,2025-09-26,Pune,online,completed
10000828,12,100,FAST_FOOD,1574.02,2025-09-13,Pune,in_store,completed
10000829,12,176,FAST_FOOD,2915.17,2025-10-22,Pune,online,completed
10000830,12,186,DINING,2054.7,2025-10-06,Pune,in_store,completed
10000831,12,20,GROCERIES,603.36,2025-10-28,Pune,online,completed
10000832,12,80,ENTERTAINMENT,2930.74,2025-11-04,Kiribati,international,completed
10000833,12,185,GAS_STATIONS,3133.6,2025-11-17,Pune,online,completed
10000834,12,122,CLOTHING,3918.06,2025-11-18,Pune,in_store,completed
10000835,12,87,ENTERTAINMENT,3996.44,2025-11-21,Pune,online,completed
10000836,12,156,CLOTHING,1431.61,2025-12-04,Pune,contactless,completed
10000837,12,192,UTILITIES,3448.88,2025-12-16,Pune,in_store,completed
10000838,12,133,GAS_STATIONS,1247.63,2026-01-03,Pune,online,reversed
10000839,12,170,DINING,-3441.85,2025-12-17,Pune,online,completed
10000840,12,126,GAS_STATIONS,2718.48,2025-12-10,Pune,contactless,completed
10000841,12,133,GAS_STATIONS,801.65,2026-01-31,Pune,online,completed
10000842,12,140,ENTERTAINMENT,745.38,2026-02-03,Pune,in_store,completed
10000843,12,134,GROCERIES,3719.87,2026-01-11,Somalia,international,completed
10000844,12,134,GROCERIES,4417.05,2026-01-12,Pune,in_store,completed
10000845,12,186,DINING,1077.75,2026-01-11,Pune,in_store,completed
10000846,12,47,DINING,2434.86,2026-01-18,Pune,online,completed
10000847,12,158,GAS_STATIONS,3352.06,2026-01-14,Pune,online,completed
10000848,12,111,GROCERIES,1632.88,2026-02-03,Pune,contactless,completed
10000849,12,182,FAST_FOOD,2113.46,2026-03-01,Pune,in_store,completed
10000850,12,126,GAS_STATIONS,3288.05,2026-02-10,Pune,in_store,completed
10000851,12,158,GAS_STATIONS,3490.05,2026-03-01,Pune,in_store,completed
10000852,12,9,UTILITIES,4025.03,2026-02-28,Pune,online,completed
10000853,12,156,CLOTHING,740.03,2026-02-20,Pune,online,completed
10000854,12,131,CLOTHING,4026.84,2026-02-07,Pune,contactless,completed
10000855,12,147,FAST_FOOD,2507.28,2026-03-04,Pune,in_store,completed
10000856,12,71,UTILITIES,696.59,2026-02-17,Pune,online,completed
10000857,12,111,GROCERIES,2964.96,2026-03-22,Pune,in_store,completed
10000858,12,15,UTILITIES,616.5,2026-03-21,Pune,contactless,completed
10000859,12,126,GAS_STATIONS,2633.92,2026-03-15,Pune,in_store,completed
10000860,12,152,CLOTHING,2580.54,2026-03-18,Pune,in_store,completed
10000861,12,185,GAS_STATIONS,2647.44,2026-04-04,Pune,contactless,completed
10000862,12,192,UTILITIES,846.99,2026-03-30,Pune,in_store,completed
10000863,12,24,FAST_FOOD,2621.7,2026-04-12,Pune,in_store,completed
10000864,12,81,DINING,2506.8,2026-04-21,Pune,in_store,completed
10000865,12,158,GAS_STATIONS,3107.47,2026-05-05,Pune,contactless,completed
10000866,12,115,DINING,1186.71,2026-04-20,Pune,contactless,completed
10000867,12,81,DINING,3298.11,2026-05-25,Pune,in_store,completed
10000868,12,156,CLOTHING,4219.17,2026-05-08,Pune,contactless,completed
10000869,12,72,UTILITIES,4127.47,2026-05-16,Pune,in_store,completed
10000870,12,9,UTILITIES,3210.73,2026-06-04,Pune,online,completed
10000871,12,111,GROCERIES,4078.99,2026-05-13,Pune,online,completed
10000872,13,62,FAST_FOOD,2451.02,2025-07-03,Hyderabad,in_store,completed
10000873,13,191,ENTERTAINMENT,775.21,2025-06-12,Hyderabad,in_store,completed
10000874,13,15,UTILITIES,874.49,2025-06-07,Hyderabad,in_store,completed
10000875,13,111,GROCERIES,457.39,2025-06-11,Hyderabad,in_store,completed
10000876,13,30,FAST_FOOD,1360.45,2025-06-29,Hyderabad,online,completed
10000877,13,66,FAST_FOOD,1033.81,2025-06-28,Hyderabad,online,completed
10000878,13,71,UTILITIES,664.75,2025-06-25,Hyderabad,online,completed
10000879,13,111,GROCERIES,399.95,2025-07-11,Hyderabad,contactless,completed
10000880,13,192,UTILITIES,1821.08,2025-07-22,Hyderabad,online,completed
10000881,13,125,FAST_FOOD,926.47,2025-07-22,Hyderabad,contactless,completed
10000882,13,105,GROCERIES,1042.48,2025-07-09,Hyderabad,in_store,completed
10000883,13,75,ENTERTAINMENT,1013.74,2025-07-13,Hyderabad,in_store,completed
10000884,13,186,DINING,2196.32,2025-07-16,Hyderabad,online,completed
10000885,13,31,GROCERIES,981.31,2025-08-05,Hyderabad,in_store,completed
10000886,13,126,GAS_STATIONS,1764.1,2025-08-29,Hyderabad,online,completed
10000887,13,32,ENTERTAINMENT,2088.95,2025-08-29,Hyderabad,online,completed
10000888,13,133,GAS_STATIONS,2343.03,2025-08-07,Hyderabad,contactless,completed
10000889,13,145,CLOTHING,1887.52,2025-08-24,Hyderabad,contactless,completed
10000890,13,103,CLOTHING,823.86,2025-09-27,Hyderabad,online,completed
10000891,13,185,GAS_STATIONS,514.42,2025-09-11,Hyderabad,in_store,completed
10000892,13,32,ENTERTAINMENT,1719.12,2025-09-10,Hyderabad,contactless,completed
10000893,13,70,ENTERTAINMENT,1326.41,2025-09-27,Hyderabad,in_store,completed
10000894,13,135,GROCERIES,2607.7,2025-11-03,Hyderabad,contactless,completed
10000895,13,87,ENTERTAINMENT,326.43,2025-10-23,Hyderabad,in_store,completed
10000896,13,31,GROCERIES,1651.59,2025-10-10,Hyderabad,contactless,completed
10000897,13,20,GROCERIES,1360.58,2025-11-01,Hyderabad,online,completed
10000898,13,158,GAS_STATIONS,1668.45,2025-10-14,Hyderabad,contactless,completed
10000899,13,9,UTILITIES,2417.29,2025-10-06,Hyderabad,in_store,completed
10000900,13,15,UTILITIES,1278.95,2025-10-08,Hyderabad,online,completed
10000901,13,148,DINING,1709.63,2025-10-14,Hyderabad,online,pending
10000902,13,116,FAST_FOOD,726.14,2025-11-14,Hyderabad,contactless,completed
10000903,13,120,ENTERTAINMENT,973.09,2025-12-04,Hyderabad,online,completed
10000904,13,81,FAST_FOOD,2202.82,2025-11-07,Hyderabad,contactless,pending
10000905,13,134,GROCERIES,1765.76,2025-11-09,Hyderabad,online,completed
10000906,13,32,ENTERTAINMENT,2388.06,2025-11-26,Hyderabad,in_store,completed
10000907,13,9,UTILITIES,2236.27,2025-11-21,Hyderabad,online,completed
10000908,13,191,ENTERTAINMENT,431.39,2025-12-15,Hyderabad,online,completed
10000909,13,20,GROCERIES,1737.32,2025-12-06,Hyderabad,online,completed
10000910,13,32,ENTERTAINMENT,2552.93,2025-12-28,Hyderabad,contactless,completed
10000911,13,186,DINING,1284.7,2025-12-07,Hyderabad,online,completed
10000912,13,105,GROCERIES,1060.59,2025-12-18,Hyderabad,in_store,completed
10000913,13,131,CLOTHING,655.34,2026-01-16,Hyderabad,online,completed
10000914,13,9,UTILITIES,826.53,2026-02-02,Hyderabad,in_store,completed
10000915,13,170,DINING,2074.74,2026-01-22,Hyderabad,in_store,completed
10000916,13,102,FAST_FOOD,731.18,2026-02-01,Hyderabad,online,completed
10000917,13,23,CLOTHING,2209.31,2026-01-16,Hyderabad,in_store,completed
10000918,13,41,FAST_FOOD,1585.13,2026-01-09,Hyderabad,contactless,completed
10000919,13,15,UTILITIES,1457.34,2026-01-27,Hyderabad,in_store,pending
10000920,13,185,GAS_STATIONS,2094.48,2026-02-04,Hyderabad,online,completed
10000921,13,152,CLOTHING,1922.62,2026-02-20,Hyderabad,in_store,completed
10000922,13,47,DINING,1230.3,2026-02-17,Hyderabad,online,completed
10000923,13,115,DINING,675.67,2026-02-09,Hyderabad,online,completed
10000924,13,33,GROCERIES,993.21,2026-02-25,Hyderabad,in_store,completed
10000925,13,20,GROCERIES,590.77,2026-02-22,Hyderabad,online,completed
10000926,13,134,GROCERIES,1043.68,2026-03-17,Hyderabad,in_store,completed
10000927,13,192,UTILITIES,844.22,2026-03-11,Hyderabad,contactless,completed
10000928,13,105,GROCERIES,1745.86,2026-04-05,Hyderabad,online,completed
10000929,13,158,GAS_STATIONS,960.46,2026-03-23,Hyderabad,contactless,completed
10000930,13,185,GAS_STATIONS,842.76,2026-04-02,Hyderabad,contactless,completed
10000931,13,140,ENTERTAINMENT,1577.66,2026-03-17,Hyderabad,online,completed
10000932,13,133,GAS_STATIONS,1687.37,2026-04-08,Andorra,international,completed
10000933,13,133,GAS_STATIONS,2058.81,2026-04-19,Hyderabad,online,completed
10000934,13,71,UTILITIES,1343.23,2026-05-03,Hyderabad,online,completed
10000935,13,126,GAS_STATIONS,1990.02,2026-04-14,Hyderabad,online,completed
10000936,13,126,GAS_STATIONS,1072.05,2026-04-16,Hyderabad,in_store,completed
10000937,13,152,CLOTHING,796.49,2026-05-21,Hyderabad,online,completed
10000938,13,166,FAST_FOOD,1882.46,2026-05-09,Hyderabad,in_store,completed
10000939,13,9,UTILITIES,1220.56,2026-05-27,Hyderabad,in_store,completed
10000940,13,40,DINING,576.97,2026-06-02,Hyderabad,contactless,completed
10000941,13,40,DINING,851.32,2026-06-01,Hyderabad,online,completed
10000942,13,185,GAS_STATIONS,930.02,2026-05-10,Hyderabad,online,completed
10000943,14,115,DINING,2343.57,2025-06-19,Chennai,in_store,completed
10000944,14,133,GAS_STATIONS,439.72,2025-06-10,Chennai,contactless,completed
10000945,14,105,GROCERIES,714.62,2025-06-19,Chennai,online,completed
10000946,14,9,UTILITIES,537.3,2025-06-13,Chennai,contactless,completed
10000947,14,158,GAS_STATIONS,2341.23,2025-07-27,Chennai,contactless,completed
10000948,14,116,FAST_FOOD,1267.29,2025-08-04,Chennai,in_store,completed
10000949,14,83,DINING,1069.35,2025-08-01,Chennai,online,completed
10000950,14,191,ENTERTAINMENT,428.3,2025-07-25,Chennai,in_store,completed
10000951,14,158,GAS_STATIONS,2139.13,2025-08-03,Chennai,in_store,completed
10000952,14,136,CLOTHING,1723.16,2025-08-01,Chennai,in_store,completed
10000953,14,44,FAST_FOOD,2417.36,2025-08-22,Chennai,online,completed
10000954,14,111,GROCERIES,348.29,2025-08-20,Chennai,contactless,completed
10000955,14,133,GAS_STATIONS,523.46,2025-08-13,Chennai,in_store,completed
10000956,14,120,ENTERTAINMENT,1597.84,2025-08-19,Chennai,in_store,completed
10000957,14,115,DINING,1575.22,2025-09-22,Chennai,online,completed
10000958,14,158,GAS_STATIONS,2389.61,2025-09-20,Chennai,in_store,completed
10000959,14,119,FAST_FOOD,1169.24,2025-10-05,Chennai,in_store,completed
10000960,14,92,FAST_FOOD,481.51,2025-09-25,Chennai,in_store,completed
10000961,14,131,CLOTHING,1611.88,2025-09-30,Chennai,in_store,completed
10000962,14,142,FAST_FOOD,1148.58,2025-09-30,Chennai,online,completed
10000963,14,33,GROCERIES,2543.57,2025-10-06,Chennai,contactless,completed
10000964,14,191,ENTERTAINMENT,2405.78,2025-10-28,Chennai,online,completed
10000965,14,105,GROCERIES,374.56,2025-10-27,Chennai,contactless,completed
10000966,14,116,CLOTHING,1965.3,2025-10-27,Chennai,online,completed
10000967,14,15,UTILITIES,1900.89,2025-10-20,Chennai,contactless,completed
10000968,14,40,DINING,867.22,2025-10-20,Chennai,in_store,completed
10000969,14,32,ENTERTAINMENT,2140.24,2025-10-10,Chennai,online,completed
10000970,14,20,GROCERIES,300.58,2025-11-20,Chennai,online,completed
10000971,14,156,CLOTHING,337.2,2025-11-08,Chennai,online,completed
10000972,14,72,UTILITIES,1510.23,2025-11-28,Chennai,contactless,completed
10000973,14,156,CLOTHING,475.93,2025-12-03,Chennai,contactless,completed
10000974,14,126,GAS_STATIONS,2260.3,2025-11-09,Bermuda,international,completed
10000975,14,71,UTILITIES,1264.35,2025-11-13,Chennai,online,completed
10000976,14,192,UTILITIES,306.99,2025-12-06,Chennai,online,completed
10000977,14,168,UNKNOWN_RETAIL_ANOMALY,1705.87,2025-12-09,Chennai,in_store,completed
10000978,14,116,CLOTHING,2500.71,2025-12-17,French Polynesia,international,completed
10000979,14,148,DINING,938.45,2025-12-25,Chennai,in_store,completed
10000980,14,158,GAS_STATIONS,661.47,2025-12-14,Chennai,contactless,completed
10000981,14,185,GAS_STATIONS,2184.02,2025-12-25,Chennai,contactless,completed
10000982,14,192,UTILITIES,2407.81,2026-01-01,Chennai,in_store,completed
10000983,14,134,GROCERIES,1412.52,2026-01-27,Chennai,contactless,completed
10000984,14,186,DINING,2459.07,2026-01-19,Chennai,contactless,completed
10000985,14,58,GROCERIES,980.99,2026-01-31,Chennai,in_store,completed
10000986,14,156,CLOTHING,1742.3,2026-01-20,Chennai,online,completed
10000987,14,70,ENTERTAINMENT,739.02,2026-02-14,Chennai,online,completed
10000988,14,152,CLOTHING,2635.11,2026-02-08,Chennai,online,completed
10000989,14,185,GAS_STATIONS,1677.54,2026-02-08,Chennai,in_store,completed
10000990,14,133,GAS_STATIONS,321.6,2026-02-21,Chennai,online,completed
10000991,14,192,UTILITIES,1462.04,2026-02-17,Chennai,in_store,completed
10000992,14,70,ENTERTAINMENT,1557.97,2026-02-28,Chennai,online,completed
10000993,14,132,ENTERTAINMENT,1456.77,2026-04-04,Chennai,contactless,completed
10000994,14,17,DINING,1043.04,2026-03-19,Chennai,online,completed
10000995,14,185,GAS_STATIONS,867.92,2026-03-22,Chennai,contactless,completed
10000996,14,126,GAS_STATIONS,2695.76,2026-03-28,Cyprus,international,completed
10000997,14,115,DINING,460.78,2026-03-22,Chennai,online,completed
10000998,14,126,GAS_STATIONS,2626.66,2026-03-23,Chennai,in_store,completed
10000999,14,75,ENTERTAINMENT,1952.16,2026-04-24,Chennai,online,completed
10001000,14,71,UTILITIES,2230.5,2026-04-18,Chennai,online,completed
